"COUNTRY, AREA OR TERRITORY",year,Safely managed,Accessible on premises,Available when needed,Free from contamination,Piped,Non-piped
Afghanistan,2015,23.37620582,37.10361225,-,23.37620582,17.08394092,47.7670394
Afghanistan,2020,27.58895624,48.44188905,-,27.58895624,22.37862474,54.1603302
Albania,2015,70.59197092,81.04764292,70.59197092,95.85377196,81.15270521,15.86800378
Albania,2020,70.67453739,82.35801137,70.67453739,96.43983853,80.67845029,16.27424462
Algeria,2015,75.53437151,76.97196381,75.98388716,83.79525305,74.50157019,24.06577223
Algeria,2020,72.3814561,78.542901,72.3814561,84.86967244,71.85626992,27.56694088
American Samoa,2015,96.07226898,96.07226898,-,98.20949284,>99,<1
American Samoa,2020,98.36197279,98.53490955,-,98.36197279,>99,<1
Andorra,2015,90.63999778,>99,>99,90.63999778,>99,<1
Andorra,2020,90.64000336,>99,>99,90.64000336,>99,<1
Angola,2015,-,33.05043015,30.8728949,-,38.1597382,27.52580881
Angola,2020,-,39.05535961,30.92751094,-,42.44829728,24.00679026
Anguilla,2015,-,88.37398591,87.63656455,-,-,-
Anguilla,2017,-,88.37398591,87.63656455,-,-,-
Antigua and Barbuda,2015,-,74.76129388,89.87070405,-,94.31887013,2.420316149
Antigua and Barbuda,2017,-,74.76129388,89.87070405,-,94.31887013,2.420316149
Argentina,2015,-,97.32167306,-,-,96.41532985,2.551258292
Argentina,2020,-,-,-,-,-,-
Armenia,2015,84.12902976,98.15616984,91.13151358,84.12902976,97.37049728,2.182069419
Armenia,2020,86.91066001,>99,91.51457309,86.91066001,>99,<1
Aruba,2015,-,95.82921412,-,-,93.79268,4.076343381
Aruba,2016,-,95.82921412,-,-,93.79268,4.076343381
Australia,2015,-,97.43331154,95.87456777,-,91.16723026,8.802775409
Australia,2020,-,97.49110315,95.87438186,-,-,-
Austria,2015,98.90942251,>99,98.90942251,>99,-,-
Austria,2020,98.900642,>99,98.900642,>99,-,-
Azerbaijan,2015,84.99569481,87.03251557,-,88.80465145,81.25135386,12.17120253
Azerbaijan,2020,88.32276401,90.4376517,-,92.28578557,90.99184971,6.094307606
Bahamas,2015,-,97.93013444,-,-,97.28718536,1.599775141
Bahamas,2019,-,97.93013444,-,-,97.28718536,1.599775141
Bahrain,2015,98.98326213,98.98326213,>99,>99,-,-
Bahrain,2020,98.98326213,98.98326213,>99,>99,-,-
Bangladesh,2015,56.32891798,76.72611636,95.29615323,56.32891798,13.25576461,84.93382682
Bangladesh,2020,58.51187913,81.89450937,95.94245182,58.51187913,15.35449907,83.49988706
Barbados,2015,-,98.35934127,88.86774298,-,98.74193665,<1
Barbados,2020,-,98.39930018,88.9038459,-,98.78205099,<1
Belarus,2015,94.48513534,94.48513534,-,98.83257288,91.97293001,7.804267194
Belarus,2020,94.61114668,94.61114668,-,>99,96.27126449,3.635581145
Belgium,2015,>99,>99,-,>99,>99,<1
Belgium,2020,>99,>99,-,>99,>99,<1
Belize,2015,-,95.29284335,-,-,83.19499001,15.20854547
Belize,2020,-,96.97163288,-,-,87.12847023,12.52259503
Benin,2015,-,28.76333996,56.66745477,-,38.48332273,35.01897022
Benin,2020,-,24.66668103,57.60879402,-,36.74102703,37.99063155
Bermuda,2015,-,>99,-,-,>99,<1
Bermuda,2020,-,>99,-,-,>99,<1
Bhutan,2015,35.5552871,85.87058501,86.47434552,35.5552871,97.62481564,1.09320325
Bhutan,2020,36.64769794,88.30108516,87.29639325,36.64769794,>99,<1
Bolivia (Plurinational State of),2015,-,83.07374748,-,-,70.24743982,20.38759959
Bolivia (Plurinational State of),2020,-,85.98183335,-,-,68.61050445,24.91615771
Bosnia and Herzegovina,2015,88.82512752,90.7680044,88.82512752,92.43958479,95.10441696,4.835497194
Bosnia and Herzegovina,2020,88.86918054,90.73652881,88.86918054,90.47895493,-,-
Botswana,2015,-,76.36090076,-,-,90.39378607,6.463117621
Botswana,2020,-,82.03231536,-,-,90.58512388,6.351478159
Brazil,2015,81.97630358,96.58238057,89.65475763,81.97630358,95.96889189,2.414175727
Brazil,2020,85.76566655,>99,90.67823343,85.76566655,98.33797671,1.109425281
British Virgin Islands,2015,-,97.99269333,-,-,96.12260274,3.741780822
British Virgin Islands,2020,-,97.99269333,-,-,-,-
Brunei Darussalam,2015,-,>99,-,-,>99,<1
Brunei Darussalam,2020,-,-,-,-,>99,<1
Bulgaria,2015,97.25240995,98.54219296,97.25240995,97.42685218,>99,<1
Bulgaria,2020,97.61733619,98.38569229,97.61733619,98.90555988,>99,<1
Burkina Faso,2015,-,15.00454128,53.94792565,-,26.54466652,49.26600553
Burkina Faso,2020,-,19.90190347,55.5228162,-,28.13899453,50.34886334
Burundi,2015,-,8.858058738,-,-,32.98632706,46.13403403
Burundi,2020,-,10.62178264,-,-,38.24201458,43.40480081
Cabo Verde,2015,-,81.80840244,-,-,85.10723458,10.58918541
Cabo Verde,2020,-,88.19795201,-,-,89.75508131,6.918675964
Cambodia,2015,24.82287522,47.81703981,-,24.82287522,24.73600209,52.31109506
Cambodia,2020,27.75824113,48.38300874,-,27.75824113,31.92266719,53.19943982
Cameroon,2015,-,27.1967529,46.76274924,-,37.42242522,37.78983546
Cameroon,2020,-,34.65326883,48.86604981,-,36.08182554,42.51334126
Canada,2015,98.81806216,98.81806216,-,>99,>99,<1
Canada,2020,>99,>99,-,>99,>99,<1
Cayman Islands,2015,-,91.05782077,82.379125,-,86,10.125
Cayman Islands,2016,-,91.05782077,82.379125,-,86,10.125
Central African Republic,2015,6.697531026,6.697531026,38.30713431,29.61741372,15.77714774,47.87819486
Central African Republic,2020,6.183318229,6.183318229,37.55555598,29.28220499,14.00623214,48.87854338
Chad,2015,5.564838707,10.46345112,45.99885115,12.18393929,18.94191625,38.97356383
Chad,2020,5.591479791,8.687015769,48.3649269,12.80169876,19.78773984,41.14008423
Channel Islands,2015,91.975,91.975,-,93.87483502,89.8,4.35
Channel Islands,2017,91.975,91.975,-,93.63487969,89.8,4.35
Chile,2015,98.38247341,98.51934277,98.94516304,98.38247341,98.86703654,<1
Chile,2020,98.77136473,>99,>99,98.77136473,>99,<1
China,2015,-,90.44110787,88.47944098,-,74.06444523,18.51695866
China,2020,-,92.87707866,91.07852108,-,79.90251474,15.17331718
"China, Hong Kong SAR",2015,>99,>99,-,>99,>99,<1
"China, Hong Kong SAR",2020,>99,>99,-,>99,>99,<1
"China, Macao SAR",2015,>99,>99,>99,>99,>99,<1
"China, Macao SAR",2020,>99,>99,>99,>99,>99,<1
Colombia,2015,72.47583227,95.05377666,75.81030129,80.62430592,87.94149256,8.578427555
Colombia,2020,73.00935643,96.19595186,75.73496766,82.02089531,88.62346981,9.054339459
Comoros,2015,-,65.38306449,-,-,59.33362434,31.67564073
Comoros,2019,-,65.44208059,-,-,59.49638069,31.57452843
Congo,2015,44.18409223,48.62822733,-,44.92186425,52.28358333,29.37652448
Congo,2020,45.89689647,53.06235944,-,46.4378547,52.75371269,31.49197093
Cook Islands,2015,-,87.4125342,-,-,85.05770143,14.8959696
Cook Islands,2020,-,87.42822257,-,-,89.04383996,10.92777026
Costa Rica,2015,80.24477499,>99,80.24477499,93.28431921,98.66952619,<1
Costa Rica,2020,80.51604686,>99,80.51604686,94.06785171,>99,<1
Côte d'Ivoire,2015,34.90620971,43.89117594,57.11050715,45.19661097,42.56038188,37.28252148
Côte d'Ivoire,2020,35.20478351,44.79545132,56.72457416,45.69151814,41.64832737,38.19616473
Croatia,2015,-,-,-,-,-,-
Croatia,2020,-,-,-,-,-,-
Cuba,2015,-,89.97086224,89.13166743,-,78.32847029,19.29357998
Cuba,2020,-,93.42493292,89.91209305,-,79.57050136,18.90357934
Curaçao,2015,-,>99,-,-,98.86812302,<1
Curaçao,2017,-,>99,-,-,98.86812302,<1
Cyprus,2015,>99,>99,-,>99,>99,<1
Cyprus,2020,>99,>99,-,>99,>99,<1
Czech Republic,2015,97.88072219,97.88072219,-,>99,>99,<1
Czech Republic,2020,97.88247054,97.88247054,-,>99,>99,<1
Democratic People's Republic of Korea,2015,66.96019289,75.5088281,94.6175663,73.9527391,70.2778627,25.6220214
Democratic People's Republic of Korea,2020,66.38089515,74.42625102,93.26460123,73.45743549,64.86635576,29.66061845
Democratic Republic of the Congo,2015,16.31091597,16.31091597,40.52524499,38.18018433,31.79179035,23.61368869
Democratic Republic of the Congo,2020,18.98772879,18.98772879,43.2735931,40.87539994,35.01501424,24.3783372
Denmark,2015,96.73721193,96.73721193,-,98.88173902,>99,<1
Denmark,2020,96.73072499,96.73072499,-,>99,>99,<1
Djibouti,2015,-,45.82957798,-,-,81.21392623,9.327289999
Djibouti,2020,-,46.39215439,-,-,83.12940416,7.677997748
Dominica,2015,-,80.76882704,52.19509887,-,94.22730951,1.19334655
Dominica,2017,-,80.76882704,52.19509887,-,94.22730951,1.19334655
Dominican Republic,2015,-,93.08121999,71.82769175,-,80.27333689,16.52121382
Dominican Republic,2020,-,94.84639037,72.81482508,-,80.85907275,16.29477782
Ecuador,2015,65.37367203,90.80781191,89.26784714,65.37367203,86.05046991,7.213069759
Ecuador,2020,66.8266645,95.09073166,91.27190587,66.8266645,90.80716679,4.556048229
Egypt,2015,-,97.18965729,71.30991429,-,97.3936231,1.999466976
Egypt,2020,-,98.32326878,71.50387218,-,>99,<1
El Salvador,2015,-,89.51820211,74.11738399,-,87.31041725,8.832200266
El Salvador,2020,-,92.22421633,74.0204684,-,91.48230587,6.671532771
Equatorial Guinea,2015,-,16.49636899,-,-,40.51558579,26.5979497
Equatorial Guinea,2017,-,16.70744939,-,-,40.78196918,26.8418461
Eritrea,2015,-,33.60468889,-,-,51.58954212,17.58318474
Eritrea,2016,-,34.01401897,-,-,51.76450889,17.68246713
Estonia,2015,96.0815323,96.35484676,>99,96.0815323,95.70337373,4.047933845
Estonia,2020,95.76106635,96.19978676,>99,95.76106635,93.4618514,6.128930376
Eswatini,2015,-,47.00678492,-,-,57.33933729,18.13223526
Eswatini,2020,-,50.78652803,-,-,60.50990698,19.75023113
Ethiopia,2015,9.964319063,14.99801604,52.42260678,13.04921678,34.77993459,29.02892287
Ethiopia,2020,12.57741919,20.39703657,63.9809312,15.35998238,41.34803399,35.00825839
Faeroe Islands,2015,-,>99,-,-,>99,<1
Faeroe Islands,2020,-,>99,-,-,>99,<1
Falkland Islands (Malvinas),2015,-,92.23000788,-,-,89.64000911,5.179997547
Falkland Islands (Malvinas),2020,-,92.96339196,-,-,90.61785652,4.691070884
Fiji,2015,-,71.46138907,94.26255867,-,84.21892989,10.04362878
Fiji,2020,-,70.62657154,94.30106524,-,83.45789251,10.84317272
Finland,2015,>99,>99,-,>99,>99,<1
Finland,2020,>99,>99,-,>99,>99,<1
France,2015,98.7072818,>99,-,98.7072818,>99,<1
France,2020,>99,>99,-,>99,>99,<1
French Guiana,2015,90.26289557,90.26289557,-,93.18932297,87.11139203,6.450664547
French Guiana,2020,90.56376568,90.56376568,-,93.40860567,87.53800878,6.244207566
French Polynesia,2015,87.81275858,97.25192141,-,87.81275858,>99,<1
French Polynesia,2020,83.85879282,97.58218324,-,83.85879282,>99,<1
Gabon,2015,-,69.03683347,-,-,81.56038068,10.02053631
Gabon,2020,-,70.60584209,-,-,81.59297033,11.48422337
Gambia,2015,39.32342922,39.32342922,76.28041003,52.75538389,72.36360066,15.91993585
Gambia,2020,44.71526912,45.16714487,77.55374723,54.35395444,76.88414495,12.65365359
Georgia,2015,65.21470931,95.75277953,77.75447196,67.94577988,79.04022635,17.66646772
Georgia,2020,66.35490242,97.3481397,78.44266866,69.18509863,82.46643442,14.88170528
Germany,2015,>99,>99,>99,>99,>99,<1
Germany,2020,>99,>99,>99,>99,>99,<1
Ghana,2015,33.08616965,33.08616965,76.93452781,53.1196445,37.35875669,50.69680373
Ghana,2020,41.4104497,41.4104497,84.90719298,54.68125166,34.70319828,57.67386049
Gibraltar,2015,>99,>99,-,>99,>99,<1
Gibraltar,2020,>99,>99,-,>99,>99,<1
Greece,2015,>99,>99,-,>99,>99,<1
Greece,2020,>99,>99,-,>99,>99,<1
Greenland,2015,96.75321897,96.75321897,-,>99,>99,<1
Greenland,2020,96.7398996,96.7398996,-,>99,>99,<1
Grenada,2015,87.11526835,89.91768,92.25100859,87.11526835,92.32634612,4.463785904
Grenada,2017,87.11526835,89.91768,92.25100859,87.11526835,92.32634612,4.463785904
Guadeloupe,2015,97.39907853,>99,-,97.39907853,>99,<1
Guadeloupe,2020,97.58691074,>99,-,97.58691074,>99,<1
Guam,2015,>99,>99,-,>99,>99,<1
Guam,2020,>99,>99,-,>99,-,-
Guatemala,2015,54.24645598,84.50389873,59.97105192,55.78785945,76.89207941,16.21040618
Guatemala,2020,55.83407651,87.24364654,61.65826282,57.16903821,77.10467557,17.93590321
Guinea,2015,-,30.87147636,45.08357751,-,24.35309506,55.3525505
Guinea,2020,-,42.13543488,48.21586367,-,24.53158585,60.71179439
Guinea-Bissau,2015,22.63875028,22.63875028,55.44184953,41.88503935,29.63053707,39.72530276
Guinea-Bissau,2020,24.3268252,24.3268252,58.07005367,44.21224276,34.6335766,38.41790698
Guyana,2015,-,93.50923842,-,-,65.4751167,30.91998821
Guyana,2020,-,94.40809838,-,-,65.43197433,31.32807692
Haiti,2015,-,11.1746997,61.49205398,-,25.79843172,47.98754123
Haiti,2020,-,7.833050899,63.91174407,-,19.09100107,57.41885098
Honduras,2015,-,87.07257863,59.51709211,-,88.51739483,5.168769984
Honduras,2020,-,88.68723614,60.46367902,-,91.54030465,4.57453709
Hungary,2015,92.49035544,>99,>99,92.49035544,>99,<1
Hungary,2020,92.58851023,>99,>99,92.58851023,>99,<1
Iceland,2015,98.94352403,>99,-,98.94352403,>99,<1
Iceland,2020,>99,>99,-,>99,>99,<1
India,2015,-,58.97759626,66.59051003,-,43.84198316,48.98874849
India,2020,-,65.6968301,61.85648769,-,43.69301336,51.78011424
Indonesia,2015,-,64.7900463,81.27038523,-,29.4874791,59.83400439
Indonesia,2020,-,66.43263432,84.90094048,-,34.54583016,58.72499408
Iran (Islamic Republic of),2015,93.23789351,93.23789351,-,96.61796713,97.57695981,1.224918845
Iran (Islamic Republic of),2020,93.98386362,93.98386362,-,97.28254285,98.63750437,<1
Iraq,2015,57.4300481,88.404764,67.04455138,57.4300481,81.69014886,13.61412065
Iraq,2020,59.66446001,94.19865085,73.54299763,59.66446001,83.47295449,15.77910911
Ireland,2015,96.76896614,97.29983914,-,96.76896614,97.33911207,<1
Ireland,2020,97.32902931,97.32902931,-,97.39970651,97.39009282,<1
Isle of Man,2015,97.20756495,97.20756495,-,>99,98.15,<1
Isle of Man,2020,97.20756495,97.20756495,-,>99,98.15,<1
Israel,2015,>99,>99,-,>99,>99,<1
Israel,2020,>99,>99,-,>99,>99,<1
Italy,2015,95.82368779,97.83971473,-,95.82368779,98.44932528,1.467708796
Italy,2020,95.82368779,97.83971473,-,95.82368779,-,-
Jamaica,2015,-,83.49243274,47.29585468,-,82.15017004,13.67396285
Jamaica,2020,-,84.20349514,38.43198698,-,83.17642109,13.22109433
Japan,2015,98.37542907,98.37542907,-,98.92280548,97.82807918,1.094726302
Japan,2020,98.56544671,98.56544671,-,>99,98.05174289,1.027169559
Jordan,2015,74.8836525,98.5108391,74.8836525,98.37273868,90.77816073,8.381027169
Jordan,2020,85.70051235,98.44222312,85.70051235,98.30064484,89.25835829,9.828159404
Kazakhstan,2015,86.08145324,86.08145324,-,95.72103532,78.81498984,18.023253
Kazakhstan,2020,89.33464774,89.33464774,-,96.76036153,80.93247422,16.44392114
Kenya,2015,-,30.62815726,55.15088475,-,32.67864171,34.31504025
Kenya,2020,-,32.97537661,62.15420903,-,32.67469202,38.50006961
Kiribati,2015,13.3260553,58.01848558,48.07351564,13.3260553,35.32470573,40.86428243
Kiribati,2020,14.68780908,55.85675633,50.88171513,14.68780908,38.8377131,43.21010738
Kuwait,2015,>99,>99,>99,>99,-,-
Kuwait,2020,>99,>99,>99,>99,-,-
Kyrgyzstan,2015,66.29056665,67.28811788,79.58656888,83.1327695,84.08571052,6.145986564
Kyrgyzstan,2020,70.08973028,71.47195182,82.57134345,87.71758601,93.60003934,<1
Lao People's Democratic Republic,2015,15.8768081,65.81025689,77.66701763,15.8768081,28.17903865,52.3338739
Lao People's Democratic Republic,2020,17.68190469,84.18937119,85.68568192,17.68190469,31.25919782,57.5274031
Latvia,2015,95.01016388,95.01016388,-,98.89374024,90.99294979,8.21087492
Latvia,2020,96.28940218,96.28940218,-,>99,93.97558001,5.489321881
Lebanon,2015,46.99136268,88.2688909,86.87027475,46.99136268,87.63014708,10.88424008
Lebanon,2020,47.7,89.6,92.347645,47.7,89.23511314,10.76488686
Lesotho,2015,23.49656309,23.49656309,68.30766745,56.51890223,66.74554403,14.66345585
Lesotho,2020,28.90641412,29.01516344,69.21720325,57.88692958,68.70729838,13.87466686
Liberia,2015,-,12.57364021,-,-,5.527943838,74.40627078
Liberia,2020,-,14.52647377,-,-,4.346235897,79.61621317
Libya,2015,-,87.18475199,93.39035055,-,74.81513648,22.46647868
Libya,2020,-,89.5237781,95.89586285,-,77.95694789,21.93457591
Liechtenstein,2015,>99,>99,-,>99,>99,<1
Liechtenstein,2020,>99,>99,-,>99,>99,<1
Lithuania,2015,93.5434539,93.5434539,-,93.66100927,93.1302594,3.473879176
Lithuania,2020,94.92379005,94.92379005,-,98.01334724,95.86078364,2.152563596
Luxembourg,2015,>99,>99,-,>99,>99,<1
Luxembourg,2020,>99,>99,-,>99,>99,<1
Madagascar,2015,17.26507025,18.21287067,40.99014151,23.93146046,32.1747894,19.39414452
Madagascar,2020,20.53937743,23.15488026,44.54233425,26.50893057,34.87527728,21.22858061
Malawi,2015,-,14.39492686,64.53353096,-,21.50331574,64.36768171
Malawi,2020,-,17.93096714,69.09504375,-,21.68184113,70.31670235
Malaysia,2015,93.57383645,93.57383645,-,97.2691923,94.76920256,2.646005504
Malaysia,2020,93.81821662,93.81821662,-,97.45444676,95.32186841,2.132578348
Maldives,2015,-,96.44053745,74.31511998,-,46.06053324,52.86586893
Maldives,2020,-,97.57050375,75.20730172,-,51.12685628,48.46563301
Mali,2015,-,31.49751069,64.89224813,-,42.22772927,36.3436294
Mali,2020,-,36.2583229,71.65868431,-,49.55346328,36.84856228
Malta,2015,>99,>99,-,>99,>99,<1
Malta,2020,>99,>99,-,>99,>99,<1
Marshall Islands,2015,-,83.01954132,80.05343765,-,26.83125085,72.69268835
Marshall Islands,2020,-,83.22983354,83.89372362,-,30.92905814,69.03096784
Martinique,2015,>99,>99,-,>99,>99,<1
Martinique,2020,>99,>99,-,>99,>99,<1
Mauritania,2015,-,40.81657172,-,-,49.22514619,32.55981678
Mauritania,2020,-,42.95496648,-,-,52.98138711,32.17655404
Mauritius,2015,-,>99,72.90253173,-,>99,<1
Mauritius,2020,-,>99,72.90236593,-,>99,<1
Mayotte,2015,90.58332318,90.58332318,-,95.26023775,94.43469008,2.403121199
Mayotte,2020,93.44991311,96.37117971,-,93.44991311,92.67335327,3.697826433
Mexico,2015,42.31228861,92.61130571,69.29949064,42.31228861,94.54205809,3.483385454
Mexico,2020,43.02628491,95.74366193,68.7031719,43.02628491,97.67830588,2.001262407
Micronesia (Federated States of),2015,-,62.40620581,72.63864489,-,44.46037198,43.8477847
Micronesia (Federated States of),2019,-,62.40620581,72.63864489,-,-,-
Monaco,2015,>99,>99,-,>99,>99,<1
Monaco,2020,>99,>99,-,>99,>99,<1
Mongolia,2015,28.30906155,28.30906155,71.26109966,76.06871597,27.07213817,57.6460553
Mongolia,2020,30.06084561,30.06084561,73.90363878,78.50514953,25.0210379,62.62101631
Montenegro,2015,84.7121029,94.62108797,84.7121029,91.87297509,89.09738118,9.9808161
Montenegro,2020,85.07220311,98.18442871,85.07220311,94.35275365,89.43797174,9.964423594
Montserrat,2015,-,98.07082056,-,-,98.07082056,<1
Montserrat,2020,-,98.07748262,-,-,98.07748262,<1
Morocco,2015,72.08801032,73.63264861,86.69301782,79.41591684,75.80925118,13.87907011
Morocco,2020,79.94957617,83.62252075,92.40626761,84.65380816,80.21947768,15.4464166
Mozambique,2015,-,23.00109758,-,-,34.54785543,26.99972818
Mozambique,2020,-,32.83278625,-,-,40.68015302,32.66505711
Myanmar,2015,51.27541462,53.22828399,70.24921363,55.40714239,26.92591794,53.49708483
Myanmar,2020,58.83109202,63.66047022,74.55654386,58.83109202,33.11387121,52.19975765
Namibia,2015,-,58.88411671,-,-,78.90550816,10.89410314
Namibia,2020,-,62.07735661,-,-,81.29158684,10.06607696
Nauru,2015,-,>99,-,-,52.8203,47.1797
Nauru,2020,-,>99,-,-,-,-
Nepal,2015,25.36185349,62.10894447,77.33316995,25.36185349,48.74190453,42.23446751
Nepal,2020,17.57565999,68.71985085,78.01715914,17.57565999,49.93660665,44.11776086
Netherlands,2015,>99,>99,-,>99,>99,<1
Netherlands,2020,>99,>99,-,>99,>99,<1
New Caledonia,2015,95.50277488,95.82316979,-,95.50277488,96.27711698,1.861441508
New Caledonia,2020,96.63820033,>99,-,96.63820033,98.61064114,<1
New Zealand,2015,95.54065681,>99,-,95.54065681,>99,<1
New Zealand,2020,>99,>99,-,>99,>99,<1
Nicaragua,2015,55.16754537,77.51714836,55.16754537,72.58889006,68.98932478,13.78973114
Nicaragua,2020,55.51591693,79.47048956,55.51591693,78.16785091,69.74107347,13.47432601
Niger,2015,-,14.93293362,29.2715476,-,34.43821645,27.17307856
Niger,2020,-,17.38945741,32.53583964,-,39.91052004,28.65517612
Nigeria,2015,19.8638587,24.8640367,61.19166847,22.25052527,12.57535617,62.91795029
Nigeria,2020,21.66928927,29.21468929,67.07901091,24.23731273,10.14185033,72.4466024
Niue,2015,95.32041502,95.32041502,97.60613941,96.63007801,94.72854534,2.877594062
Niue,2020,93.54149702,93.54149702,97.01087618,96.04076742,97.01087618,<1
North Macedonia,2015,80.34923556,95.47633401,80.34923556,88.47086424,92.1420842,7.216240347
North Macedonia,2020,76.83340587,95.96151046,80.46091339,84.92123096,92.13411928,7.243690644
Northern Mariana Islands,2015,89.43382013,95.10962255,89.43382013,97.33450088,90.85666928,9.12351411
Northern Mariana Islands,2020,90.5262069,94.1407808,90.63917526,90.5262069,89.66091386,10.33908614
Norway,2015,>99,>99,-,>99,>99,<1
Norway,2020,98.64284115,>99,-,98.64284115,>99,<1
Oman,2015,88.57535727,88.57535727,-,96.37110543,89.75308626,8.694202166
Oman,2020,90.55715729,90.55715729,-,>99,95.50923033,4.200214254
Pakistan,2015,36.20152413,75.84035024,78.55915417,36.20152413,28.88482164,64.22611372
Pakistan,2020,35.83886904,71.46191991,79.28692126,35.83886904,25.90707027,68.06417433
Palau,2015,87.56237129,87.56237129,>99,97.12813408,78.3040001,21.32615075
Palau,2020,91.31174637,91.31174637,>99,97.47647894,85.50249769,14.15504781
Panama,2015,-,92.4013682,82.65423928,-,91.8517457,2.898264083
Panama,2020,-,93.88042391,84.36436259,-,93.05055013,3.195474828
Papua New Guinea,2015,-,26.07930862,24.8203557,-,18.68575077,24.60971075
Papua New Guinea,2020,-,32.61475068,27.26518795,-,18.12051842,29.35206355
Paraguay,2015,62.23136018,93.330914,84.26147197,62.23136018,88.75410164,8.410536889
Paraguay,2020,64.08421825,96.06328349,87.38897967,64.08421825,>99,<1
Peru,2015,49.89316912,82.97376983,72.22036543,49.89316912,85.58830286,5.626283644
Peru,2020,51.26412978,85.92039112,73.67275965,51.26412978,90.35997969,3.628945878
Philippines,2015,46.34027725,67.54500343,84.5567638,46.34027725,59.54834263,35.38978771
Philippines,2020,47.46476694,79.79072272,86.51280406,47.46476694,65.64453599,31.32098471
Poland,2015,95.96788024,95.96788024,-,>99,88.44116381,10.79090607
Poland,2020,98.32523453,98.32523453,-,>99,89.27708846,10.68950309
Portugal,2015,95.348254,>99,95.348254,98.36342166,>99,<1
Portugal,2020,95.35370664,>99,95.35370664,98.41220404,>99,<1
Puerto Rico,2015,95.73250448,98.84839177,95.73250448,>99,98.85089951,<1
Puerto Rico,2020,>99,>99,>99,>99,>99,<1
Qatar,2015,96.30199034,96.30199034,>99,97.0176329,>99,<1
Qatar,2020,96.18278647,96.18278647,>99,96.24797987,>99,<1
Republic of Korea,2015,98.6215861,98.66619038,>99,98.6215861,97.86036723,1.612379181
Republic of Korea,2020,>99,>99,>99,>99,>99,<1
Republic of Moldova,2015,72.49256816,72.49256816,86.58634781,76.0197518,62.70856783,27.35309358
Republic of Moldova,2020,74.07106737,74.07106737,88.54415831,75.95970164,72.28289209,19.80684692
Réunion,2015,96.69024243,>99,-,96.69024243,>99,<1
Réunion,2020,94.31987971,>99,-,94.31987971,>99,<1
Romania,2015,81.90193907,81.90193907,-,97.38758199,64.49938699,35.50061301
Romania,2020,81.98883112,81.98883112,-,97.39831682,-,-
Russian Federation,2015,75.65238723,75.65238723,-,93.64643698,90.41549609,6.736145873
Russian Federation,2020,76.10420617,76.10420617,-,92.79133066,93.78270708,3.83183737
Rwanda,2015,10.1787019,10.1787019,68.46735812,40.74252241,37.94246419,41.33335598
Rwanda,2020,12.10284907,12.10284907,71.45701733,42.52647475,38.35874986,44.37647059
Saint Barthelemy,2015,>99,>99,-,>99,>99,<1
Saint Barthelemy,2020,>99,>99,-,>99,>99,<1
Saint Helena,2015,89.09458,98.42491036,-,89.09458,97.9,1.05
Saint Helena,2020,89.22964,98.65025611,-,89.22964,98.2,<1
Saint Kitts and Nevis,2015,-,98.29621969,86.77843164,-,97.98174803,<1
Saint Kitts and Nevis,2017,-,98.29621969,86.77843164,-,97.98174803,<1
Saint Lucia,2015,-,92.97477994,71.56213584,-,95.33190011,2.026404586
Saint Lucia,2020,-,94.25676152,72.56434002,-,96.70770697,1.995789764
Saint Martin (French part),2015,96.69978165,>99,-,96.69978165,>99,<1
Saint Martin (French part),2020,96.69929543,>99,-,96.69929543,>99,<1
Saint Pierre and Miquelon,2015,83.1283,83.1283,91.4,91.4,90.5,<1
Saint Pierre and Miquelon,2020,83.1283,83.1283,91.4,91.4,90.5,<1
Saint Vincent and the Grenadines,2015,-,93.67934013,69.83659141,-,92.9668014,2.178418496
Saint Vincent and the Grenadines,2018,-,93.67934013,69.83659141,-,92.9668014,2.178418496
Samoa,2015,45.97571897,90.35372936,74.83281917,45.97571897,84.72985824,13.09082041
Samoa,2020,46.22855352,90.86161581,75.24434775,46.22855352,84.07009024,14.28853427
San Marino,2015,>99,>99,>99,>99,>99,<1
San Marino,2020,>99,>99,>99,>99,>99,<1
Sao Tome and Principe,2015,33.96655375,33.96655375,66.56024728,76.82269561,92.03762219,3.430914418
Sao Tome and Principe,2020,36.16896361,36.16896361,68.49727237,80.02001631,96.98334996,1.481088186
Saudi Arabia,2015,-,98.56171097,-,-,81.25127976,18.29674662
Saudi Arabia,2020,-,>99,-,-,84.24473995,15.75526005
Senegal,2015,-,62.39183053,49.30882251,-,70.06555417,11.92868508
Senegal,2020,-,72.6900578,52.50303813,-,75.04786627,12.24458903
Serbia,2015,74.89915406,90.96691723,91.82301443,74.89915406,91.13420784,8.364345508
Serbia,2020,75.03841651,93.12922917,91.88020274,75.03841651,94.26180319,5.27792541
Seychelles,2015,-,95.1135779,-,-,94.50819611,1.742695386
Seychelles,2019,-,95.70733351,-,-,94.50819611,2.343550779
Sierra Leone,2015,8.883859235,14.70755397,48.21939453,9.680399416,22.28190523,43.76251789
Sierra Leone,2020,10.62058316,15.80314564,53.17273284,10.67503216,20.9166365,51.87296548
Singapore,2015,>99,>99,-,>99,>99,<1
Singapore,2020,>99,>99,-,>99,>99,<1
Sint Maarten (Dutch part),2015,-,93.03043687,-,-,90.74529888,4.565880447
Sint Maarten (Dutch part),2017,-,93.03043687,-,-,90.74529888,4.565880447
Slovakia,2015,98.97971698,>99,-,98.97971698,98.46905496,1.530945037
Slovakia,2020,>99,>99,-,>99,-,-
Slovenia,2015,95.92582933,98.27432091,-,95.92582933,-,-
Slovenia,2020,98.27432091,98.27432091,-,>99,-,-
Solomon Islands,2015,-,52.94691803,37.96780438,-,48.18547223,26.8497143
Solomon Islands,2020,-,51.67902208,36.98683095,-,45.66024232,27.43626153
Somalia,2015,-,28.48449587,51.45070911,-,37.06063109,35.05671036
Somalia,2020,-,36.3187552,59.7504657,-,46.98256776,37.19860519
South Africa,2015,-,74.64468812,73.38715602,-,88.9364087,5.743091135
South Africa,2020,-,78.16962353,70.36390481,-,90.77045108,5.887342549
South Sudan,2015,-,2.304953466,-,-,5.845881855,66.09736474
South Sudan,2020,-,2.803294353,-,-,4.436178223,73.94171182
Spain,2015,>99,>99,-,>99,>99,<1
Spain,2020,>99,>99,-,>99,>99,<1
Sri Lanka,2015,-,74.53574277,85.08534217,-,37.13818286,53.885647
Sri Lanka,2020,-,78.44750586,87.48312809,-,39.44499174,53.37804577
Sudan,2015,-,37.64081506,81.75794162,-,44.21358181,40.84848749
Sudan,2020,-,38.83765228,83.64976936,-,46.06869361,41.05000174
Suriname,2015,54.66861238,93.42520525,80.72124791,54.66861238,78.04079981,18.58969375
Suriname,2020,55.76043424,95.98601857,82.74202776,55.76043424,80.27539966,18.78147895
Sweden,2015,>99,>99,-,>99,87.44779288,12.33343815
Sweden,2020,>99,>99,-,>99,87.7008191,12.12604853
Switzerland,2015,94.24815119,>99,-,94.24815119,>99,<1
Switzerland,2020,94.24815385,>99,-,94.24815385,>99,<1
Syrian Arab Republic,2015,-,84.45973199,93.33559263,-,74.47105057,25.00664454
Syrian Arab Republic,2020,-,85.21122844,93.62490669,-,70.6772615,29.12232645
Tajikistan,2015,51.88727255,54.14476447,51.88727255,69.10610781,61.25663942,18.03286718
Tajikistan,2020,55.23686279,60.19875514,55.23686279,73.57835483,64.99144989,19.42932907
Thailand,2015,-,98.37096381,98.96634989,-,70.24162318,29.23519999
Thailand,2020,-,>99,>99,-,80.84821394,19.15178606
Timor-Leste,2015,-,60.55557749,-,-,59.41141762,19.32500234
Timor-Leste,2020,-,73.8943828,-,-,65.61456788,21.76689929
Togo,2015,17.10622174,17.10622174,57.91945967,31.60784638,27.52383749,41.77905683
Togo,2020,19.56098104,19.56098104,62.3674402,34.24986758,25.07640028,49.57275458
Tokelau,2015,-,92.15897093,-,-,95.24452,4.212876
Tokelau,2020,-,97.28118072,-,-,95.24452,4.463156654
Tonga,2015,29.4752601,98.05620603,90.69560614,29.4752601,>99,<1
Tonga,2020,29.50420143,98.23639597,90.85956465,29.50420143,>99,<1
Trinidad and Tobago,2015,-,98.13617765,81.17539966,-,91.29919296,7.953406948
Trinidad and Tobago,2020,-,98.87517077,82.33911822,-,92.63412392,7.365876083
Tunisia,2015,78.06377683,90.64627513,79.29516709,78.22100723,90.85272324,6.892832262
Tunisia,2020,79.28615477,89.46594166,80.51035749,79.44709339,92.51202917,6.662630488
Turkey,2015,-,92.24436511,-,-,95.05073865,3.232168074
Turkey,2020,-,93.04766529,-,-,95.23641117,3.800936065
Turkmenistan,2015,90.7476843,93.23832077,98.25674502,90.87605187,53.00706963,45.59978973
Turkmenistan,2020,94.83423327,>99,>99,94.83423327,51.87309207,48.12690793
Turks and Caicos Islands,2015,-,90.45448314,-,-,67.95454545,26.36363636
Turks and Caicos Islands,2018,-,90.45448314,-,-,67.95454545,26.36363636
Tuvalu,2015,-,97.7,-,-,>99,<1
Tuvalu,2020,-,97.7,-,-,-,-
Uganda,2015,12.22216441,12.22216441,68.62748106,46.81761394,20.12605161,57.81091052
Uganda,2020,16.64790598,16.64790598,73.12740084,62.24095568,22.75951364,60.37839556
Ukraine,2015,88.74271126,91.87727108,-,93.21600879,67.66368425,31.62409616
Ukraine,2020,89.02047539,92.13565512,-,93.52642768,63.76626839,35.83399227
United Arab Emirates,2015,-,98.68387165,>99,-,92.636244,7.335088466
United Arab Emirates,2020,-,98.67820907,>99,-,>99,<1
United Kingdom,2015,>99,>99,-,>99,>99,<1
United Kingdom,2020,>99,>99,-,>99,>99,<1
United Republic of Tanzania,2015,-,23.63503913,29.92417913,-,36.75669306,27.51603846
United Republic of Tanzania,2020,-,36.09988638,33.30791305,-,37.64041355,34.3664547
United States Virgin Islands,2015,97.93599894,97.93599894,-,98.71827281,46.72329908,51.99497374
United States Virgin Islands,2020,97.93599355,97.93599355,-,98.71826738,46.68392107,52.03434631
United States of America,2015,96.41326821,>99,96.41326821,>99,98.71651662,<1
United States of America,2020,97.32571774,>99,97.32571774,>99,98.76439527,1.119131415
Uruguay,2015,-,98.46325163,>99,-,>99,<1
Uruguay,2020,-,98.80029905,>99,-,>99,<1
Uzbekistan,2015,58.85883492,58.85883492,-,90.65929773,71.01004299,26.51853527
Uzbekistan,2020,58.83006461,58.83006461,-,90.64427911,70.18685818,27.64192667
Vanuatu,2015,-,49.62003699,-,-,47.9065397,43.13258001
Vanuatu,2020,-,50.38177882,-,-,47.58573896,44.70783684
Venezuela (Bolivarian Republic of),2015,-,86.32385211,48.68593206,-,81.39250534,13.6540022
Venezuela (Bolivarian Republic of),2020,-,85.51559874,25.71568065,-,79.20283304,14.95375059
Viet Nam,2015,-,93.32806058,-,-,39.20593663,54.17419579
Viet Nam,2020,-,96.88435687,-,-,48.44531983,48.43903704
Wallis and Futuna Islands,2015,58.89757924,98.53894186,-,58.89757924,>99,<1
Wallis and Futuna Islands,2020,58.79196941,98.15543701,-,58.79196941,98.8639396,<1
West Bank and Gaza Strip,2015,78.07105417,88.68426834,87.38192684,78.07105417,62.49292114,34.47447024
West Bank and Gaza Strip,2020,79.69894195,92.18719369,87.63439055,79.69894195,54.2751686,44.63520811
Yemen,2015,-,44.44614466,51.60523698,-,51.21049078,30.60398446
Yemen,2020,-,48.83615929,56.52445963,-,55.94436598,33.68194567
Zambia,2015,-,26.71069344,48.79910213,-,32.25857132,34.73409219
Zambia,2020,-,30.18398582,52.04425694,-,32.07709521,39.48922738
Zimbabwe,2015,30.38517823,33.65695735,59.964238,41.16181459,30.7481592,46.66353468
Zimbabwe,2020,29.53588969,30.59096404,59.51985752,40.90016457,27.47584502,49.38815229
,-,-,-,-,-,-,-
,-,-,-,-,-,-,-
,-,-,-,-,-,-,-
,-,-,-,-,-,-,-
,-,-,-,-,-,-,-
,-,-,-,-,-,-,-
,-,-,-,-,-,-,-
,-,-,-,-,-,-,-
,-,-,-,-,-,-,-
,-,-,-,-,-,-,-
,-,-,-,-,-,-,-
,-,-,-,-,-,-,-
,-,-,-,-,-,-,-
,-,-,-,-,-,-,-
,-,-,-,-,-,-,-
,-,-,-,-,-,-,-
,-,-,-,-,-,-,-
,-,-,-,-,-,-,-
,-,-,-,-,-,-,-
,-,-,-,-,-,-,-
,-,-,-,-,-,-,-
,-,-,-,-,-,-,-
,-,-,-,-,-,-,-
,-,-,-,-,-,-,-
,-,-,-,-,-,-,-
,-,-,-,-,-,-,-
,-,-,-,-,-,-,-
,-,-,-,-,-,-,-
,-,-,-,-,-,-,-
,-,-,-,-,-,-,-
,-,-,-,-,-,-,-
,-,-,-,-,-,-,-
,-,-,-,-,-,-,-
,-,-,-,-,-,-,-
,-,-,-,-,-,-,-
,-,-,-,-,-,-,-
,-,-,-,-,-,-,-
,-,-,-,-,-,-,-
,-,-,-,-,-,-,-
,-,-,-,-,-,-,-
,-,-,-,-,-,-,-
,-,-,-,-,-,-,-
,-,-,-,-,-,-,-
,-,-,-,-,-,-,-
,-,-,-,-,-,-,-
,-,-,-,-,-,-,-
,-,-,-,-,-,-,-
,-,-,-,-,-,-,-
,-,-,-,-,-,-,-
,-,-,-,-,-,-,-
,-,-,-,-,-,-,-
,-,-,-,-,-,-,-
,-,-,-,-,-,-,-
,-,-,-,-,-,-,-
,-,-,-,-,-,-,-
,-,-,-,-,-,-,-
,-,-,-,-,-,-,-
,-,-,-,-,-,-,-
,-,-,-,-,-,-,-
,-,-,-,-,-,-,-
,-,-,-,-,-,-,-
,-,-,-,-,-,-,-
,-,-,-,-,-,-,-
,-,-,-,-,-,-,-
,-,-,-,-,-,-,-
,-,-,-,-,-,-,-
,-,-,-,-,-,-,-
,-,-,-,-,-,-,-
,-,-,-,-,-,-,-
,-,-,-,-,-,-,-
,-,-,-,-,-,-,-
,-,-,-,-,-,-,-
,-,-,-,-,-,-,-
,-,-,-,-,-,-,-
,-,-,-,-,-,-,-
,-,-,-,-,-,-,-
,-,-,-,-,-,-,-
,-,-,-,-,-,-,-
,-,-,-,-,-,-,-
,-,-,-,-,-,-,-
,-,-,-,-,-,-,-
,-,-,-,-,-,-,-
,-,-,-,-,-,-,-
,-,-,-,-,-,-,-
,-,-,-,-,-,-,-
,-,-,-,-,-,-,-
,-,-,-,-,-,-,-
,-,-,-,-,-,-,-
,-,-,-,-,-,-,-
,-,-,-,-,-,-,-
,-,-,-,-,-,-,-
,-,-,-,-,-,-,-
,-,-,-,-,-,-,-
,-,-,-,-,-,-,-
,-,-,-,-,-,-,-
,-,-,-,-,-,-,-
,-,-,-,-,-,-,-
,-,-,-,-,-,-,-
,-,-,-,-,-,-,-
,-,-,-,-,-,-,-
,-,-,-,-,-,-,-
,-,-,-,-,-,-,-
,-,-,-,-,-,-,-
,-,-,-,-,-,-,-
,-,-,-,-,-,-,-
,-,-,-,-,-,-,-
,-,-,-,-,-,-,-
,-,-,-,-,-,-,-
,-,-,-,-,-,-,-
,-,-,-,-,-,-,-
,-,-,-,-,-,-,-
,-,-,-,-,-,-,-
,-,-,-,-,-,-,-
,-,-,-,-,-,-,-
,-,-,-,-,-,-,-
,-,-,-,-,-,-,-
,-,-,-,-,-,-,-
,-,-,-,-,-,-,-
,-,-,-,-,-,-,-
,-,-,-,-,-,-,-
,-,-,-,-,-,-,-
,-,-,-,-,-,-,-
,-,-,-,-,-,-,-
,-,-,-,-,-,-,-
,-,-,-,-,-,-,-
,-,-,-,-,-,-,-
,-,-,-,-,-,-,-
,-,-,-,-,-,-,-
,-,-,-,-,-,-,-
,-,-,-,-,-,-,-
,-,-,-,-,-,-,-
,-,-,-,-,-,-,-
,-,-,-,-,-,-,-
,-,-,-,-,-,-,-
,-,-,-,-,-,-,-
,-,-,-,-,-,-,-
,-,-,-,-,-,-,-
,-,-,-,-,-,-,-
,-,-,-,-,-,-,-
,-,-,-,-,-,-,-
,-,-,-,-,-,-,-
,-,-,-,-,-,-,-
,-,-,-,-,-,-,-
,-,-,-,-,-,-,-
,-,-,-,-,-,-,-
,-,-,-,-,-,-,-
,-,-,-,-,-,-,-
,-,-,-,-,-,-,-
,-,-,-,-,-,-,-
,-,-,-,-,-,-,-
,-,-,-,-,-,-,-
,-,-,-,-,-,-,-
,-,-,-,-,-,-,-
,-,-,-,-,-,-,-
,-,-,-,-,-,-,-
,-,-,-,-,-,-,-
,-,-,-,-,-,-,-
,-,-,-,-,-,-,-
,-,-,-,-,-,-,-
,-,-,-,-,-,-,-
,-,-,-,-,-,-,-
,-,-,-,-,-,-,-
,-,-,-,-,-,-,-
,-,-,-,-,-,-,-
,-,-,-,-,-,-,-
,-,-,-,-,-,-,-
,-,-,-,-,-,-,-
,-,-,-,-,-,-,-
,-,-,-,-,-,-,-
,-,-,-,-,-,-,-
,-,-,-,-,-,-,-
,-,-,-,-,-,-,-
,-,-,-,-,-,-,-
,-,-,-,-,-,-,-
,-,-,-,-,-,-,-
,-,-,-,-,-,-,-
,-,-,-,-,-,-,-
,-,-,-,-,-,-,-
,-,-,-,-,-,-,-
,-,-,-,-,-,-,-
,-,-,-,-,-,-,-
,-,-,-,-,-,-,-
,-,-,-,-,-,-,-
,-,-,-,-,-,-,-
,-,-,-,-,-,-,-
,-,-,-,-,-,-,-
,-,-,-,-,-,-,-
,-,-,-,-,-,-,-
,-,-,-,-,-,-,-
,-,-,-,-,-,-,-
,-,-,-,-,-,-,-
,-,-,-,-,-,-,-
,-,-,-,-,-,-,-
,-,-,-,-,-,-,-
,-,-,-,-,-,-,-
,-,-,-,-,-,-,-
,-,-,-,-,-,-,-
,-,-,-,-,-,-,-
,-,-,-,-,-,-,-
,-,-,-,-,-,-,-
,-,-,-,-,-,-,-
,-,-,-,-,-,-,-
,-,-,-,-,-,-,-
,-,-,-,-,-,-,-
,-,-,-,-,-,-,-
,-,-,-,-,-,-,-
,-,-,-,-,-,-,-
,-,-,-,-,-,-,-
,-,-,-,-,-,-,-
,-,-,-,-,-,-,-
,-,-,-,-,-,-,-
,-,-,-,-,-,-,-
,-,-,-,-,-,-,-
,-,-,-,-,-,-,-
,-,-,-,-,-,-,-
,-,-,-,-,-,-,-
,-,-,-,-,-,-,-
,-,-,-,-,-,-,-
,-,-,-,-,-,-,-
,-,-,-,-,-,-,-
,-,-,-,-,-,-,-
,-,-,-,-,-,-,-
,-,-,-,-,-,-,-
,-,-,-,-,-,-,-
,-,-,-,-,-,-,-
,-,-,-,-,-,-,-
,-,-,-,-,-,-,-
,-,-,-,-,-,-,-
,-,-,-,-,-,-,-
,-,-,-,-,-,-,-
,-,-,-,-,-,-,-
,-,-,-,-,-,-,-
,-,-,-,-,-,-,-
,-,-,-,-,-,-,-
,-,-,-,-,-,-,-
,-,-,-,-,-,-,-
,-,-,-,-,-,-,-
,-,-,-,-,-,-,-
,-,-,-,-,-,-,-
,-,-,-,-,-,-,-
,-,-,-,-,-,-,-
,-,-,-,-,-,-,-
,-,-,-,-,-,-,-
,-,-,-,-,-,-,-
,-,-,-,-,-,-,-
,-,-,-,-,-,-,-
,-,-,-,-,-,-,-
,-,-,-,-,-,-,-
,-,-,-,-,-,-,-
,-,-,-,-,-,-,-
,-,-,-,-,-,-,-
,-,-,-,-,-,-,-
,-,-,-,-,-,-,-
,-,-,-,-,-,-,-
,-,-,-,-,-,-,-
,-,-,-,-,-,-,-
,-,-,-,-,-,-,-
,-,-,-,-,-,-,-
,-,-,-,-,-,-,-
,-,-,-,-,-,-,-
,-,-,-,-,-,-,-
,-,-,-,-,-,-,-
,-,-,-,-,-,-,-
,-,-,-,-,-,-,-
,-,-,-,-,-,-,-
,-,-,-,-,-,-,-
,-,-,-,-,-,-,-
,-,-,-,-,-,-,-
,-,-,-,-,-,-,-
,-,-,-,-,-,-,-
,-,-,-,-,-,-,-
,-,-,-,-,-,-,-
,-,-,-,-,-,-,-
,-,-,-,-,-,-,-
,-,-,-,-,-,-,-
,-,-,-,-,-,-,-
,-,-,-,-,-,-,-
,-,-,-,-,-,-,-
,-,-,-,-,-,-,-
,-,-,-,-,-,-,-
,-,-,-,-,-,-,-
,-,-,-,-,-,-,-
,-,-,-,-,-,-,-
,-,-,-,-,-,-,-
,-,-,-,-,-,-,-
,-,-,-,-,-,-,-
,-,-,-,-,-,-,-
,-,-,-,-,-,-,-
,-,-,-,-,-,-,-
,-,-,-,-,-,-,-
,-,-,-,-,-,-,-
,-,-,-,-,-,-,-
,-,-,-,-,-,-,-
,-,-,-,-,-,-,-
,-,-,-,-,-,-,-
,-,-,-,-,-,-,-
,-,-,-,-,-,-,-
,-,-,-,-,-,-,-
,-,-,-,-,-,-,-
,-,-,-,-,-,-,-
,-,-,-,-,-,-,-
,-,-,-,-,-,-,-
,-,-,-,-,-,-,-
,-,-,-,-,-,-,-
,-,-,-,-,-,-,-
,-,-,-,-,-,-,-
,-,-,-,-,-,-,-
,-,-,-,-,-,-,-
,-,-,-,-,-,-,-
,-,-,-,-,-,-,-
,-,-,-,-,-,-,-
,-,-,-,-,-,-,-
,-,-,-,-,-,-,-
,-,-,-,-,-,-,-
,-,-,-,-,-,-,-
,-,-,-,-,-,-,-
,-,-,-,-,-,-,-
,-,-,-,-,-,-,-
,-,-,-,-,-,-,-
,-,-,-,-,-,-,-
,-,-,-,-,-,-,-
,-,-,-,-,-,-,-
,-,-,-,-,-,-,-
,-,-,-,-,-,-,-
,-,-,-,-,-,-,-
,-,-,-,-,-,-,-
,-,-,-,-,-,-,-
,-,-,-,-,-,-,-
,-,-,-,-,-,-,-
,-,-,-,-,-,-,-
,-,-,-,-,-,-,-
,-,-,-,-,-,-,-
,-,-,-,-,-,-,-
,-,-,-,-,-,-,-
,-,-,-,-,-,-,-
,-,-,-,-,-,-,-
,-,-,-,-,-,-,-
,-,-,-,-,-,-,-
,-,-,-,-,-,-,-
,-,-,-,-,-,-,-
,-,-,-,-,-,-,-
,-,-,-,-,-,-,-
,-,-,-,-,-,-,-
,-,-,-,-,-,-,-
,-,-,-,-,-,-,-
,-,-,-,-,-,-,-
,-,-,-,-,-,-,-
,-,-,-,-,-,-,-
,-,-,-,-,-,-,-
,-,-,-,-,-,-,-
,-,-,-,-,-,-,-
,-,-,-,-,-,-,-
,-,-,-,-,-,-,-
,-,-,-,-,-,-,-
,-,-,-,-,-,-,-
,-,-,-,-,-,-,-
,-,-,-,-,-,-,-
,-,-,-,-,-,-,-
,-,-,-,-,-,-,-
,-,-,-,-,-,-,-
,-,-,-,-,-,-,-
,-,-,-,-,-,-,-
,-,-,-,-,-,-,-
,-,-,-,-,-,-,-
,-,-,-,-,-,-,-
,-,-,-,-,-,-,-
,-,-,-,-,-,-,-
,-,-,-,-,-,-,-
,-,-,-,-,-,-,-
,-,-,-,-,-,-,-
,-,-,-,-,-,-,-
,-,-,-,-,-,-,-
,-,-,-,-,-,-,-
,-,-,-,-,-,-,-
,-,-,-,-,-,-,-
,-,-,-,-,-,-,-
,-,-,-,-,-,-,-
,-,-,-,-,-,-,-
,-,-,-,-,-,-,-
,-,-,-,-,-,-,-
,-,-,-,-,-,-,-
,-,-,-,-,-,-,-
,-,-,-,-,-,-,-
,-,-,-,-,-,-,-
,-,-,-,-,-,-,-
,-,-,-,-,-,-,-
,-,-,-,-,-,-,-
,-,-,-,-,-,-,-
,-,-,-,-,-,-,-
,-,-,-,-,-,-,-
,-,-,-,-,-,-,-
,-,-,-,-,-,-,-
,-,-,-,-,-,-,-
,-,-,-,-,-,-,-
,-,-,-,-,-,-,-
,-,-,-,-,-,-,-
,-,-,-,-,-,-,-
,-,-,-,-,-,-,-
,-,-,-,-,-,-,-
,-,-,-,-,-,-,-
,-,-,-,-,-,-,-
,-,-,-,-,-,-,-
,-,-,-,-,-,-,-
,-,-,-,-,-,-,-
,-,-,-,-,-,-,-
,-,-,-,-,-,-,-
,-,-,-,-,-,-,-
,-,-,-,-,-,-,-
,-,-,-,-,-,-,-
,-,-,-,-,-,-,-
,-,-,-,-,-,-,-
,-,-,-,-,-,-,-
,-,-,-,-,-,-,-
,-,-,-,-,-,-,-
,-,-,-,-,-,-,-
,-,-,-,-,-,-,-
,-,-,-,-,-,-,-
,-,-,-,-,-,-,-
,-,-,-,-,-,-,-
,-,-,-,-,-,-,-
,-,-,-,-,-,-,-
,-,-,-,-,-,-,-
,-,-,-,-,-,-,-
,-,-,-,-,-,-,-
,-,-,-,-,-,-,-
,-,-,-,-,-,-,-
,-,-,-,-,-,-,-
,-,-,-,-,-,-,-
,-,-,-,-,-,-,-
,-,-,-,-,-,-,-
,-,-,-,-,-,-,-
,-,-,-,-,-,-,-
,-,-,-,-,-,-,-
,-,-,-,-,-,-,-
,-,-,-,-,-,-,-
,-,-,-,-,-,-,-
,-,-,-,-,-,-,-
,-,-,-,-,-,-,-
,-,-,-,-,-,-,-
,-,-,-,-,-,-,-
,-,-,-,-,-,-,-
,-,-,-,-,-,-,-
,-,-,-,-,-,-,-
,-,-,-,-,-,-,-
,-,-,-,-,-,-,-
,-,-,-,-,-,-,-
,-,-,-,-,-,-,-
,-,-,-,-,-,-,-
,-,-,-,-,-,-,-
,-,-,-,-,-,-,-
,-,-,-,-,-,-,-
,-,-,-,-,-,-,-
,-,-,-,-,-,-,-
,-,-,-,-,-,-,-
,-,-,-,-,-,-,-
,-,-,-,-,-,-,-
,-,-,-,-,-,-,-
,-,-,-,-,-,-,-
,-,-,-,-,-,-,-
,-,-,-,-,-,-,-
,-,-,-,-,-,-,-
,-,-,-,-,-,-,-
,-,-,-,-,-,-,-
,-,-,-,-,-,-,-
,-,-,-,-,-,-,-
,-,-,-,-,-,-,-
,-,-,-,-,-,-,-
,-,-,-,-,-,-,-
,-,-,-,-,-,-,-
,-,-,-,-,-,-,-
,-,-,-,-,-,-,-
,-,-,-,-,-,-,-
,-,-,-,-,-,-,-
,-,-,-,-,-,-,-
,-,-,-,-,-,-,-
,-,-,-,-,-,-,-
,-,-,-,-,-,-,-
,-,-,-,-,-,-,-
,-,-,-,-,-,-,-
,-,-,-,-,-,-,-
,-,-,-,-,-,-,-
,-,-,-,-,-,-,-
,-,-,-,-,-,-,-
,-,-,-,-,-,-,-
,-,-,-,-,-,-,-
,-,-,-,-,-,-,-
,-,-,-,-,-,-,-
,-,-,-,-,-,-,-
,-,-,-,-,-,-,-
,-,-,-,-,-,-,-
,-,-,-,-,-,-,-
,-,-,-,-,-,-,-
,-,-,-,-,-,-,-
,-,-,-,-,-,-,-
,-,-,-,-,-,-,-
,-,-,-,-,-,-,-
,-,-,-,-,-,-,-
,-,-,-,-,-,-,-
,-,-,-,-,-,-,-
,-,-,-,-,-,-,-
,-,-,-,-,-,-,-
,-,-,-,-,-,-,-
,-,-,-,-,-,-,-
,-,-,-,-,-,-,-
,-,-,-,-,-,-,-
,-,-,-,-,-,-,-
,-,-,-,-,-,-,-
,-,-,-,-,-,-,-
,-,-,-,-,-,-,-
,-,-,-,-,-,-,-
,-,-,-,-,-,-,-
,-,-,-,-,-,-,-
,-,-,-,-,-,-,-
,-,-,-,-,-,-,-
,-,-,-,-,-,-,-
,-,-,-,-,-,-,-
,-,-,-,-,-,-,-
,-,-,-,-,-,-,-
,-,-,-,-,-,-,-
,-,-,-,-,-,-,-
,-,-,-,-,-,-,-
,-,-,-,-,-,-,-
,-,-,-,-,-,-,-
,-,-,-,-,-,-,-
,-,-,-,-,-,-,-
,-,-,-,-,-,-,-
,-,-,-,-,-,-,-
,-,-,-,-,-,-,-
,-,-,-,-,-,-,-
,-,-,-,-,-,-,-
,-,-,-,-,-,-,-
,-,-,-,-,-,-,-
,-,-,-,-,-,-,-
,-,-,-,-,-,-,-
,-,-,-,-,-,-,-
,-,-,-,-,-,-,-
,-,-,-,-,-,-,-
,-,-,-,-,-,-,-
,-,-,-,-,-,-,-
,-,-,-,-,-,-,-
,-,-,-,-,-,-,-
,-,-,-,-,-,-,-
,-,-,-,-,-,-,-
,-,-,-,-,-,-,-
,-,-,-,-,-,-,-
,-,-,-,-,-,-,-
,-,-,-,-,-,-,-
,-,-,-,-,-,-,-
,-,-,-,-,-,-,-
,-,-,-,-,-,-,-
,-,-,-,-,-,-,-
,-,-,-,-,-,-,-
,-,-,-,-,-,-,-
,-,-,-,-,-,-,-
,-,-,-,-,-,-,-
,-,-,-,-,-,-,-
,-,-,-,-,-,-,-
,-,-,-,-,-,-,-
,-,-,-,-,-,-,-
,-,-,-,-,-,-,-
,-,-,-,-,-,-,-
,-,-,-,-,-,-,-
,-,-,-,-,-,-,-
,-,-,-,-,-,-,-
,-,-,-,-,-,-,-
,-,-,-,-,-,-,-
,-,-,-,-,-,-,-
,-,-,-,-,-,-,-
,-,-,-,-,-,-,-
,-,-,-,-,-,-,-
,-,-,-,-,-,-,-
,-,-,-,-,-,-,-
,-,-,-,-,-,-,-
,-,-,-,-,-,-,-
,-,-,-,-,-,-,-
,-,-,-,-,-,-,-
,-,-,-,-,-,-,-
,-,-,-,-,-,-,-
,-,-,-,-,-,-,-
,-,-,-,-,-,-,-
,-,-,-,-,-,-,-
,-,-,-,-,-,-,-
,-,-,-,-,-,-,-
,-,-,-,-,-,-,-
,-,-,-,-,-,-,-
,-,-,-,-,-,-,-
,-,-,-,-,-,-,-
,-,-,-,-,-,-,-
,-,-,-,-,-,-,-
,-,-,-,-,-,-,-
,-,-,-,-,-,-,-
,-,-,-,-,-,-,-
,-,-,-,-,-,-,-
,-,-,-,-,-,-,-
,-,-,-,-,-,-,-
,-,-,-,-,-,-,-
,-,-,-,-,-,-,-
,-,-,-,-,-,-,-
,-,-,-,-,-,-,-
,-,-,-,-,-,-,-
,-,-,-,-,-,-,-
,-,-,-,-,-,-,-
,-,-,-,-,-,-,-
,-,-,-,-,-,-,-
,-,-,-,-,-,-,-
,-,-,-,-,-,-,-
,-,-,-,-,-,-,-
,-,-,-,-,-,-,-
,-,-,-,-,-,-,-
,-,-,-,-,-,-,-
,-,-,-,-,-,-,-
,-,-,-,-,-,-,-
,-,-,-,-,-,-,-
,-,-,-,-,-,-,-
,-,-,-,-,-,-,-
,-,-,-,-,-,-,-
,-,-,-,-,-,-,-
,-,-,-,-,-,-,-
,-,-,-,-,-,-,-
,-,-,-,-,-,-,-
,-,-,-,-,-,-,-
,-,-,-,-,-,-,-
,-,-,-,-,-,-,-
,-,-,-,-,-,-,-
,-,-,-,-,-,-,-
,-,-,-,-,-,-,-
,-,-,-,-,-,-,-
,-,-,-,-,-,-,-
,-,-,-,-,-,-,-
,-,-,-,-,-,-,-
,-,-,-,-,-,-,-
,-,-,-,-,-,-,-
,-,-,-,-,-,-,-
,-,-,-,-,-,-,-
,-,-,-,-,-,-,-
,-,-,-,-,-,-,-
,-,-,-,-,-,-,-
,-,-,-,-,-,-,-
,-,-,-,-,-,-,-
,-,-,-,-,-,-,-
,-,-,-,-,-,-,-
,-,-,-,-,-,-,-
,-,-,-,-,-,-,-
,-,-,-,-,-,-,-
,-,-,-,-,-,-,-
,-,-,-,-,-,-,-
,-,-,-,-,-,-,-
,-,-,-,-,-,-,-
,-,-,-,-,-,-,-
,-,-,-,-,-,-,-
,-,-,-,-,-,-,-
,-,-,-,-,-,-,-
,-,-,-,-,-,-,-
,-,-,-,-,-,-,-
,-,-,-,-,-,-,-
,-,-,-,-,-,-,-
,-,-,-,-,-,-,-
,-,-,-,-,-,-,-
,-,-,-,-,-,-,-
,-,-,-,-,-,-,-
,-,-,-,-,-,-,-
,-,-,-,-,-,-,-
,-,-,-,-,-,-,-
,-,-,-,-,-,-,-
,-,-,-,-,-,-,-
,-,-,-,-,-,-,-
,-,-,-,-,-,-,-
,-,-,-,-,-,-,-
,-,-,-,-,-,-,-
,-,-,-,-,-,-,-
,-,-,-,-,-,-,-
,-,-,-,-,-,-,-
,-,-,-,-,-,-,-
,-,-,-,-,-,-,-
,-,-,-,-,-,-,-
,-,-,-,-,-,-,-
,-,-,-,-,-,-,-
,-,-,-,-,-,-,-
,-,-,-,-,-,-,-
,-,-,-,-,-,-,-
,-,-,-,-,-,-,-
,-,-,-,-,-,-,-
,-,-,-,-,-,-,-
,-,-,-,-,-,-,-
,-,-,-,-,-,-,-
,-,-,-,-,-,-,-
,-,-,-,-,-,-,-
,-,-,-,-,-,-,-
,-,-,-,-,-,-,-
,-,-,-,-,-,-,-
,-,-,-,-,-,-,-
,-,-,-,-,-,-,-
,-,-,-,-,-,-,-
,-,-,-,-,-,-,-
,-,-,-,-,-,-,-
,-,-,-,-,-,-,-
,-,-,-,-,-,-,-
,-,-,-,-,-,-,-
,-,-,-,-,-,-,-
,-,-,-,-,-,-,-
,-,-,-,-,-,-,-
,-,-,-,-,-,-,-
,-,-,-,-,-,-,-
,-,-,-,-,-,-,-
,-,-,-,-,-,-,-
,-,-,-,-,-,-,-
,-,-,-,-,-,-,-
,-,-,-,-,-,-,-
,-,-,-,-,-,-,-
,-,-,-,-,-,-,-
,-,-,-,-,-,-,-
,-,-,-,-,-,-,-
,-,-,-,-,-,-,-
,-,-,-,-,-,-,-
,-,-,-,-,-,-,-
,-,-,-,-,-,-,-
,-,-,-,-,-,-,-
,-,-,-,-,-,-,-
,-,-,-,-,-,-,-
,-,-,-,-,-,-,-
,-,-,-,-,-,-,-
,-,-,-,-,-,-,-
,-,-,-,-,-,-,-
,-,-,-,-,-,-,-
,-,-,-,-,-,-,-
,-,-,-,-,-,-,-
,-,-,-,-,-,-,-
,-,-,-,-,-,-,-
,-,-,-,-,-,-,-
,-,-,-,-,-,-,-
,-,-,-,-,-,-,-
,-,-,-,-,-,-,-
,-,-,-,-,-,-,-
,-,-,-,-,-,-,-
,-,-,-,-,-,-,-
,-,-,-,-,-,-,-
,-,-,-,-,-,-,-
,-,-,-,-,-,-,-
,-,-,-,-,-,-,-
,-,-,-,-,-,-,-
,-,-,-,-,-,-,-
,-,-,-,-,-,-,-
,-,-,-,-,-,-,-
,-,-,-,-,-,-,-
,-,-,-,-,-,-,-
,-,-,-,-,-,-,-
,-,-,-,-,-,-,-
,-,-,-,-,-,-,-
,-,-,-,-,-,-,-
,-,-,-,-,-,-,-
,-,-,-,-,-,-,-
,-,-,-,-,-,-,-
,-,-,-,-,-,-,-
,-,-,-,-,-,-,-
,-,-,-,-,-,-,-
,-,-,-,-,-,-,-
,-,-,-,-,-,-,-
,-,-,-,-,-,-,-
,-,-,-,-,-,-,-
,-,-,-,-,-,-,-
,-,-,-,-,-,-,-
,-,-,-,-,-,-,-
,-,-,-,-,-,-,-
,-,-,-,-,-,-,-
,-,-,-,-,-,-,-
,-,-,-,-,-,-,-
,-,-,-,-,-,-,-
,-,-,-,-,-,-,-
,-,-,-,-,-,-,-
,-,-,-,-,-,-,-
,-,-,-,-,-,-,-
,-,-,-,-,-,-,-
,-,-,-,-,-,-,-
,-,-,-,-,-,-,-
,-,-,-,-,-,-,-
,-,-,-,-,-,-,-
,-,-,-,-,-,-,-
,-,-,-,-,-,-,-
,-,-,-,-,-,-,-
,-,-,-,-,-,-,-
,-,-,-,-,-,-,-
,-,-,-,-,-,-,-
,-,-,-,-,-,-,-
,-,-,-,-,-,-,-
,-,-,-,-,-,-,-
,-,-,-,-,-,-,-
,-,-,-,-,-,-,-
,-,-,-,-,-,-,-
,-,-,-,-,-,-,-
,-,-,-,-,-,-,-
,-,-,-,-,-,-,-
,-,-,-,-,-,-,-
,-,-,-,-,-,-,-
,-,-,-,-,-,-,-
,-,-,-,-,-,-,-
,-,-,-,-,-,-,-
,-,-,-,-,-,-,-
,-,-,-,-,-,-,-
,-,-,-,-,-,-,-
,-,-,-,-,-,-,-
,-,-,-,-,-,-,-
,-,-,-,-,-,-,-
,-,-,-,-,-,-,-
,-,-,-,-,-,-,-
,-,-,-,-,-,-,-
,-,-,-,-,-,-,-
,-,-,-,-,-,-,-
,-,-,-,-,-,-,-
,-,-,-,-,-,-,-
,-,-,-,-,-,-,-
,-,-,-,-,-,-,-
,-,-,-,-,-,-,-
,-,-,-,-,-,-,-
,-,-,-,-,-,-,-
,-,-,-,-,-,-,-
,-,-,-,-,-,-,-
,-,-,-,-,-,-,-
,-,-,-,-,-,-,-
,-,-,-,-,-,-,-
,-,-,-,-,-,-,-
,-,-,-,-,-,-,-
,-,-,-,-,-,-,-
,-,-,-,-,-,-,-
,-,-,-,-,-,-,-
,-,-,-,-,-,-,-
,-,-,-,-,-,-,-
,-,-,-,-,-,-,-
,-,-,-,-,-,-,-
,-,-,-,-,-,-,-
,-,-,-,-,-,-,-
,-,-,-,-,-,-,-
,-,-,-,-,-,-,-
,-,-,-,-,-,-,-
,-,-,-,-,-,-,-
,-,-,-,-,-,-,-
,-,-,-,-,-,-,-
,-,-,-,-,-,-,-
,-,-,-,-,-,-,-
,-,-,-,-,-,-,-
,-,-,-,-,-,-,-
,-,-,-,-,-,-,-
,-,-,-,-,-,-,-
,-,-,-,-,-,-,-
,-,-,-,-,-,-,-
,-,-,-,-,-,-,-
,-,-,-,-,-,-,-
,-,-,-,-,-,-,-
,-,-,-,-,-,-,-
,-,-,-,-,-,-,-
,-,-,-,-,-,-,-
,-,-,-,-,-,-,-
,-,-,-,-,-,-,-
,-,-,-,-,-,-,-
,-,-,-,-,-,-,-
,-,-,-,-,-,-,-
,-,-,-,-,-,-,-
,-,-,-,-,-,-,-
,-,-,-,-,-,-,-
,-,-,-,-,-,-,-
,-,-,-,-,-,-,-
,-,-,-,-,-,-,-
,-,-,-,-,-,-,-
,-,-,-,-,-,-,-
,-,-,-,-,-,-,-
,-,-,-,-,-,-,-
,-,-,-,-,-,-,-
,-,-,-,-,-,-,-
,-,-,-,-,-,-,-
,-,-,-,-,-,-,-
,-,-,-,-,-,-,-
,-,-,-,-,-,-,-
,-,-,-,-,-,-,-
,-,-,-,-,-,-,-
,-,-,-,-,-,-,-
,-,-,-,-,-,-,-
,-,-,-,-,-,-,-
,-,-,-,-,-,-,-
,-,-,-,-,-,-,-
,-,-,-,-,-,-,-
,-,-,-,-,-,-,-
,-,-,-,-,-,-,-
,-,-,-,-,-,-,-
,-,-,-,-,-,-,-
,-,-,-,-,-,-,-
,-,-,-,-,-,-,-
,-,-,-,-,-,-,-
,-,-,-,-,-,-,-
,-,-,-,-,-,-,-
,-,-,-,-,-,-,-
,-,-,-,-,-,-,-
,-,-,-,-,-,-,-
,-,-,-,-,-,-,-
,-,-,-,-,-,-,-
,-,-,-,-,-,-,-
,-,-,-,-,-,-,-
,-,-,-,-,-,-,-
,-,-,-,-,-,-,-
,-,-,-,-,-,-,-
,-,-,-,-,-,-,-
,-,-,-,-,-,-,-
,-,-,-,-,-,-,-
,-,-,-,-,-,-,-
,-,-,-,-,-,-,-
,-,-,-,-,-,-,-
,-,-,-,-,-,-,-
,-,-,-,-,-,-,-
,-,-,-,-,-,-,-
,-,-,-,-,-,-,-
,-,-,-,-,-,-,-
,-,-,-,-,-,-,-
,-,-,-,-,-,-,-
,-,-,-,-,-,-,-
,-,-,-,-,-,-,-
,-,-,-,-,-,-,-
,-,-,-,-,-,-,-
,-,-,-,-,-,-,-
,-,-,-,-,-,-,-
,-,-,-,-,-,-,-
,-,-,-,-,-,-,-
,-,-,-,-,-,-,-
,-,-,-,-,-,-,-
,-,-,-,-,-,-,-
,-,-,-,-,-,-,-
,-,-,-,-,-,-,-
,-,-,-,-,-,-,-
,-,-,-,-,-,-,-
,-,-,-,-,-,-,-
,-,-,-,-,-,-,-
,-,-,-,-,-,-,-
,-,-,-,-,-,-,-
,-,-,-,-,-,-,-
,-,-,-,-,-,-,-
,-,-,-,-,-,-,-
,-,-,-,-,-,-,-
,-,-,-,-,-,-,-
,-,-,-,-,-,-,-
,-,-,-,-,-,-,-
,-,-,-,-,-,-,-
,-,-,-,-,-,-,-
,-,-,-,-,-,-,-
,-,-,-,-,-,-,-
,-,-,-,-,-,-,-
,-,-,-,-,-,-,-
,-,-,-,-,-,-,-
,-,-,-,-,-,-,-
,-,-,-,-,-,-,-
,-,-,-,-,-,-,-
,-,-,-,-,-,-,-
,-,-,-,-,-,-,-
,-,-,-,-,-,-,-
,-,-,-,-,-,-,-
,-,-,-,-,-,-,-
,-,-,-,-,-,-,-
,-,-,-,-,-,-,-
,-,-,-,-,-,-,-
,-,-,-,-,-,-,-
,-,-,-,-,-,-,-
,-,-,-,-,-,-,-
,-,-,-,-,-,-,-
,-,-,-,-,-,-,-
,-,-,-,-,-,-,-
,-,-,-,-,-,-,-
,-,-,-,-,-,-,-
,-,-,-,-,-,-,-
,-,-,-,-,-,-,-
,-,-,-,-,-,-,-
,-,-,-,-,-,-,-
,-,-,-,-,-,-,-
,-,-,-,-,-,-,-
,-,-,-,-,-,-,-
,-,-,-,-,-,-,-
,-,-,-,-,-,-,-
,-,-,-,-,-,-,-
,-,-,-,-,-,-,-
,-,-,-,-,-,-,-
,-,-,-,-,-,-,-
,-,-,-,-,-,-,-
,-,-,-,-,-,-,-
,-,-,-,-,-,-,-
,-,-,-,-,-,-,-
,-,-,-,-,-,-,-
,-,-,-,-,-,-,-
,-,-,-,-,-,-,-
,-,-,-,-,-,-,-
,-,-,-,-,-,-,-
,-,-,-,-,-,-,-
,-,-,-,-,-,-,-
,-,-,-,-,-,-,-
,-,-,-,-,-,-,-
,-,-,-,-,-,-,-
,-,-,-,-,-,-,-
,-,-,-,-,-,-,-
,-,-,-,-,-,-,-
,-,-,-,-,-,-,-
,-,-,-,-,-,-,-
,-,-,-,-,-,-,-
,-,-,-,-,-,-,-
,-,-,-,-,-,-,-
,-,-,-,-,-,-,-
,-,-,-,-,-,-,-
,-,-,-,-,-,-,-
,-,-,-,-,-,-,-
,-,-,-,-,-,-,-
,-,-,-,-,-,-,-
,-,-,-,-,-,-,-
,-,-,-,-,-,-,-
,-,-,-,-,-,-,-
,-,-,-,-,-,-,-
,-,-,-,-,-,-,-
,-,-,-,-,-,-,-
,-,-,-,-,-,-,-
,-,-,-,-,-,-,-
,-,-,-,-,-,-,-
,-,-,-,-,-,-,-
,-,-,-,-,-,-,-
,-,-,-,-,-,-,-
,-,-,-,-,-,-,-
,-,-,-,-,-,-,-
,-,-,-,-,-,-,-
,-,-,-,-,-,-,-
,-,-,-,-,-,-,-
,-,-,-,-,-,-,-
,-,-,-,-,-,-,-
,-,-,-,-,-,-,-
,-,-,-,-,-,-,-
,-,-,-,-,-,-,-
,-,-,-,-,-,-,-
,-,-,-,-,-,-,-
,-,-,-,-,-,-,-
,-,-,-,-,-,-,-
,-,-,-,-,-,-,-
,-,-,-,-,-,-,-
,-,-,-,-,-,-,-
,-,-,-,-,-,-,-
,-,-,-,-,-,-,-
,-,-,-,-,-,-,-
,-,-,-,-,-,-,-
,-,-,-,-,-,-,-
,-,-,-,-,-,-,-
,-,-,-,-,-,-,-
,-,-,-,-,-,-,-
,-,-,-,-,-,-,-
,-,-,-,-,-,-,-
,-,-,-,-,-,-,-
,-,-,-,-,-,-,-
,-,-,-,-,-,-,-
,-,-,-,-,-,-,-
,-,-,-,-,-,-,-
,-,-,-,-,-,-,-
,-,-,-,-,-,-,-
,-,-,-,-,-,-,-
,-,-,-,-,-,-,-
,-,-,-,-,-,-,-
,-,-,-,-,-,-,-
,-,-,-,-,-,-,-
,-,-,-,-,-,-,-
,-,-,-,-,-,-,-
,-,-,-,-,-,-,-
,-,-,-,-,-,-,-
,-,-,-,-,-,-,-
,-,-,-,-,-,-,-
,-,-,-,-,-,-,-
,-,-,-,-,-,-,-
,-,-,-,-,-,-,-
,-,-,-,-,-,-,-
,-,-,-,-,-,-,-
,-,-,-,-,-,-,-
,-,-,-,-,-,-,-
,-,-,-,-,-,-,-
,-,-,-,-,-,-,-
,-,-,-,-,-,-,-
,-,-,-,-,-,-,-
,-,-,-,-,-,-,-
,-,-,-,-,-,-,-
,-,-,-,-,-,-,-
,-,-,-,-,-,-,-
,-,-,-,-,-,-,-
,-,-,-,-,-,-,-
,-,-,-,-,-,-,-
,-,-,-,-,-,-,-
,-,-,-,-,-,-,-
,-,-,-,-,-,-,-
,-,-,-,-,-,-,-
,-,-,-,-,-,-,-
,-,-,-,-,-,-,-
,-,-,-,-,-,-,-
,-,-,-,-,-,-,-
,-,-,-,-,-,-,-
,-,-,-,-,-,-,-
,-,-,-,-,-,-,-
,-,-,-,-,-,-,-
,-,-,-,-,-,-,-
,-,-,-,-,-,-,-
,-,-,-,-,-,-,-
,-,-,-,-,-,-,-
,-,-,-,-,-,-,-
,-,-,-,-,-,-,-
,-,-,-,-,-,-,-
,-,-,-,-,-,-,-
,-,-,-,-,-,-,-
,-,-,-,-,-,-,-
,-,-,-,-,-,-,-
,-,-,-,-,-,-,-
,-,-,-,-,-,-,-
,-,-,-,-,-,-,-
,-,-,-,-,-,-,-
,-,-,-,-,-,-,-
,-,-,-,-,-,-,-
,-,-,-,-,-,-,-
,-,-,-,-,-,-,-
,-,-,-,-,-,-,-
,-,-,-,-,-,-,-
,-,-,-,-,-,-,-
,-,-,-,-,-,-,-
,-,-,-,-,-,-,-
,-,-,-,-,-,-,-
,-,-,-,-,-,-,-
,-,-,-,-,-,-,-
,-,-,-,-,-,-,-
,-,-,-,-,-,-,-
,-,-,-,-,-,-,-
,-,-,-,-,-,-,-
,-,-,-,-,-,-,-
,-,-,-,-,-,-,-
,-,-,-,-,-,-,-
,-,-,-,-,-,-,-
,-,-,-,-,-,-,-
,-,-,-,-,-,-,-
,-,-,-,-,-,-,-
,-,-,-,-,-,-,-
,-,-,-,-,-,-,-
,-,-,-,-,-,-,-
,-,-,-,-,-,-,-
,-,-,-,-,-,-,-
,-,-,-,-,-,-,-
,-,-,-,-,-,-,-
,-,-,-,-,-,-,-
,-,-,-,-,-,-,-
,-,-,-,-,-,-,-
,-,-,-,-,-,-,-
,-,-,-,-,-,-,-
,-,-,-,-,-,-,-
,-,-,-,-,-,-,-
,-,-,-,-,-,-,-
,-,-,-,-,-,-,-
,-,-,-,-,-,-,-
,-,-,-,-,-,-,-
,-,-,-,-,-,-,-
,-,-,-,-,-,-,-
,-,-,-,-,-,-,-
,-,-,-,-,-,-,-
,-,-,-,-,-,-,-
,-,-,-,-,-,-,-
,-,-,-,-,-,-,-
,-,-,-,-,-,-,-
,-,-,-,-,-,-,-
,-,-,-,-,-,-,-
,-,-,-,-,-,-,-
,-,-,-,-,-,-,-
,-,-,-,-,-,-,-
,-,-,-,-,-,-,-
,-,-,-,-,-,-,-
,-,-,-,-,-,-,-
,-,-,-,-,-,-,-
,-,-,-,-,-,-,-
,-,-,-,-,-,-,-
,-,-,-,-,-,-,-
,-,-,-,-,-,-,-
,-,-,-,-,-,-,-
,-,-,-,-,-,-,-
,-,-,-,-,-,-,-
,-,-,-,-,-,-,-
,-,-,-,-,-,-,-
,-,-,-,-,-,-,-
,-,-,-,-,-,-,-
,-,-,-,-,-,-,-
,-,-,-,-,-,-,-
,-,-,-,-,-,-,-
,-,-,-,-,-,-,-
,-,-,-,-,-,-,-
,-,-,-,-,-,-,-
,-,-,-,-,-,-,-
,-,-,-,-,-,-,-
,-,-,-,-,-,-,-
,-,-,-,-,-,-,-
,-,-,-,-,-,-,-
,-,-,-,-,-,-,-
,-,-,-,-,-,-,-
,-,-,-,-,-,-,-
,-,-,-,-,-,-,-
,-,-,-,-,-,-,-
,-,-,-,-,-,-,-
,-,-,-,-,-,-,-
,-,-,-,-,-,-,-
,-,-,-,-,-,-,-
,-,-,-,-,-,-,-
,-,-,-,-,-,-,-
,-,-,-,-,-,-,-
,-,-,-,-,-,-,-
,-,-,-,-,-,-,-
,-,-,-,-,-,-,-
,-,-,-,-,-,-,-
,-,-,-,-,-,-,-
,-,-,-,-,-,-,-
,-,-,-,-,-,-,-
,-,-,-,-,-,-,-
,-,-,-,-,-,-,-
,-,-,-,-,-,-,-
,-,-,-,-,-,-,-
,-,-,-,-,-,-,-
,-,-,-,-,-,-,-
,-,-,-,-,-,-,-
,-,-,-,-,-,-,-
,-,-,-,-,-,-,-
,-,-,-,-,-,-,-
,-,-,-,-,-,-,-
,-,-,-,-,-,-,-
,-,-,-,-,-,-,-
,-,-,-,-,-,-,-
,-,-,-,-,-,-,-
,-,-,-,-,-,-,-
,-,-,-,-,-,-,-
,-,-,-,-,-,-,-
,-,-,-,-,-,-,-
,-,-,-,-,-,-,-
,-,-,-,-,-,-,-
,-,-,-,-,-,-,-
,-,-,-,-,-,-,-
,-,-,-,-,-,-,-
,-,-,-,-,-,-,-
,-,-,-,-,-,-,-
,-,-,-,-,-,-,-
,-,-,-,-,-,-,-
,-,-,-,-,-,-,-
,-,-,-,-,-,-,-
,-,-,-,-,-,-,-
,-,-,-,-,-,-,-
,-,-,-,-,-,-,-
,-,-,-,-,-,-,-
,-,-,-,-,-,-,-
,-,-,-,-,-,-,-
,-,-,-,-,-,-,-
,-,-,-,-,-,-,-
,-,-,-,-,-,-,-
,-,-,-,-,-,-,-
,-,-,-,-,-,-,-
,-,-,-,-,-,-,-
,-,-,-,-,-,-,-
,-,-,-,-,-,-,-
,-,-,-,-,-,-,-
,-,-,-,-,-,-,-
,-,-,-,-,-,-,-
,-,-,-,-,-,-,-
,-,-,-,-,-,-,-
,-,-,-,-,-,-,-
,-,-,-,-,-,-,-
,-,-,-,-,-,-,-
,-,-,-,-,-,-,-
,-,-,-,-,-,-,-
,-,-,-,-,-,-,-
,-,-,-,-,-,-,-
,-,-,-,-,-,-,-
,-,-,-,-,-,-,-
,-,-,-,-,-,-,-
,-,-,-,-,-,-,-
,-,-,-,-,-,-,-
,-,-,-,-,-,-,-
,-,-,-,-,-,-,-
,-,-,-,-,-,-,-
,-,-,-,-,-,-,-
,-,-,-,-,-,-,-
,-,-,-,-,-,-,-
,-,-,-,-,-,-,-
,-,-,-,-,-,-,-
,-,-,-,-,-,-,-
,-,-,-,-,-,-,-
,-,-,-,-,-,-,-
,-,-,-,-,-,-,-
,-,-,-,-,-,-,-
,-,-,-,-,-,-,-
,-,-,-,-,-,-,-
,-,-,-,-,-,-,-
,-,-,-,-,-,-,-
,-,-,-,-,-,-,-
,-,-,-,-,-,-,-
,-,-,-,-,-,-,-
,-,-,-,-,-,-,-
,-,-,-,-,-,-,-
,-,-,-,-,-,-,-
,-,-,-,-,-,-,-
,-,-,-,-,-,-,-
,-,-,-,-,-,-,-
,-,-,-,-,-,-,-
,-,-,-,-,-,-,-
,-,-,-,-,-,-,-
,-,-,-,-,-,-,-
,-,-,-,-,-,-,-
,-,-,-,-,-,-,-
,-,-,-,-,-,-,-
,-,-,-,-,-,-,-
,-,-,-,-,-,-,-
,-,-,-,-,-,-,-
,-,-,-,-,-,-,-
,-,-,-,-,-,-,-
,-,-,-,-,-,-,-
,-,-,-,-,-,-,-
,-,-,-,-,-,-,-
,-,-,-,-,-,-,-
,-,-,-,-,-,-,-
,-,-,-,-,-,-,-
,-,-,-,-,-,-,-
,-,-,-,-,-,-,-
,-,-,-,-,-,-,-
,-,-,-,-,-,-,-
,-,-,-,-,-,-,-
,-,-,-,-,-,-,-
,-,-,-,-,-,-,-
,-,-,-,-,-,-,-
,-,-,-,-,-,-,-
,-,-,-,-,-,-,-
,-,-,-,-,-,-,-
,-,-,-,-,-,-,-
,-,-,-,-,-,-,-
,-,-,-,-,-,-,-
,-,-,-,-,-,-,-
,-,-,-,-,-,-,-
,-,-,-,-,-,-,-
,-,-,-,-,-,-,-
,-,-,-,-,-,-,-
,-,-,-,-,-,-,-
,-,-,-,-,-,-,-
,-,-,-,-,-,-,-
,-,-,-,-,-,-,-
,-,-,-,-,-,-,-
,-,-,-,-,-,-,-
,-,-,-,-,-,-,-
,-,-,-,-,-,-,-
,-,-,-,-,-,-,-
,-,-,-,-,-,-,-
,-,-,-,-,-,-,-
,-,-,-,-,-,-,-
,-,-,-,-,-,-,-
,-,-,-,-,-,-,-
,-,-,-,-,-,-,-
,-,-,-,-,-,-,-
,-,-,-,-,-,-,-
,-,-,-,-,-,-,-
,-,-,-,-,-,-,-
,-,-,-,-,-,-,-
,-,-,-,-,-,-,-
,-,-,-,-,-,-,-
,-,-,-,-,-,-,-
,-,-,-,-,-,-,-
,-,-,-,-,-,-,-
,-,-,-,-,-,-,-
,-,-,-,-,-,-,-
,-,-,-,-,-,-,-
,-,-,-,-,-,-,-
,-,-,-,-,-,-,-
,-,-,-,-,-,-,-
,-,-,-,-,-,-,-
,-,-,-,-,-,-,-
,-,-,-,-,-,-,-
,-,-,-,-,-,-,-
,-,-,-,-,-,-,-
,-,-,-,-,-,-,-
,-,-,-,-,-,-,-
,-,-,-,-,-,-,-
,-,-,-,-,-,-,-
,-,-,-,-,-,-,-
,-,-,-,-,-,-,-
,-,-,-,-,-,-,-
,-,-,-,-,-,-,-
,-,-,-,-,-,-,-
,-,-,-,-,-,-,-
,-,-,-,-,-,-,-
,-,-,-,-,-,-,-
,-,-,-,-,-,-,-
,-,-,-,-,-,-,-
,-,-,-,-,-,-,-
,-,-,-,-,-,-,-
,-,-,-,-,-,-,-
,-,-,-,-,-,-,-
,-,-,-,-,-,-,-
,-,-,-,-,-,-,-
,-,-,-,-,-,-,-
,-,-,-,-,-,-,-
,-,-,-,-,-,-,-
,-,-,-,-,-,-,-
,-,-,-,-,-,-,-
,-,-,-,-,-,-,-
,-,-,-,-,-,-,-
,-,-,-,-,-,-,-
,-,-,-,-,-,-,-
,-,-,-,-,-,-,-
,-,-,-,-,-,-,-
,-,-,-,-,-,-,-
,-,-,-,-,-,-,-
,-,-,-,-,-,-,-
,-,-,-,-,-,-,-
,-,-,-,-,-,-,-
,-,-,-,-,-,-,-
,-,-,-,-,-,-,-
,-,-,-,-,-,-,-
,-,-,-,-,-,-,-
,-,-,-,-,-,-,-
,-,-,-,-,-,-,-
,-,-,-,-,-,-,-
,-,-,-,-,-,-,-
,-,-,-,-,-,-,-
,-,-,-,-,-,-,-
,-,-,-,-,-,-,-
,-,-,-,-,-,-,-
,-,-,-,-,-,-,-
,-,-,-,-,-,-,-
,-,-,-,-,-,-,-
,-,-,-,-,-,-,-
,-,-,-,-,-,-,-
,-,-,-,-,-,-,-
,-,-,-,-,-,-,-
,-,-,-,-,-,-,-
,-,-,-,-,-,-,-
,-,-,-,-,-,-,-
,-,-,-,-,-,-,-
,-,-,-,-,-,-,-
,-,-,-,-,-,-,-
,-,-,-,-,-,-,-
,-,-,-,-,-,-,-
,-,-,-,-,-,-,-
,-,-,-,-,-,-,-
,-,-,-,-,-,-,-
,-,-,-,-,-,-,-
,-,-,-,-,-,-,-
,-,-,-,-,-,-,-
,-,-,-,-,-,-,-
,-,-,-,-,-,-,-
,-,-,-,-,-,-,-
,-,-,-,-,-,-,-
,-,-,-,-,-,-,-
,-,-,-,-,-,-,-
,-,-,-,-,-,-,-
,-,-,-,-,-,-,-
,-,-,-,-,-,-,-
,-,-,-,-,-,-,-
,-,-,-,-,-,-,-
,-,-,-,-,-,-,-
,-,-,-,-,-,-,-
,-,-,-,-,-,-,-
,-,-,-,-,-,-,-
,-,-,-,-,-,-,-
,-,-,-,-,-,-,-
,-,-,-,-,-,-,-
,-,-,-,-,-,-,-
,-,-,-,-,-,-,-
,-,-,-,-,-,-,-
,-,-,-,-,-,-,-
,-,-,-,-,-,-,-
,-,-,-,-,-,-,-
,-,-,-,-,-,-,-
,-,-,-,-,-,-,-
,-,-,-,-,-,-,-
,-,-,-,-,-,-,-
,-,-,-,-,-,-,-
,-,-,-,-,-,-,-
,-,-,-,-,-,-,-
,-,-,-,-,-,-,-
,-,-,-,-,-,-,-
,-,-,-,-,-,-,-
,-,-,-,-,-,-,-
,-,-,-,-,-,-,-
,-,-,-,-,-,-,-
,-,-,-,-,-,-,-
,-,-,-,-,-,-,-
,-,-,-,-,-,-,-
,-,-,-,-,-,-,-
,-,-,-,-,-,-,-
,-,-,-,-,-,-,-
,-,-,-,-,-,-,-
,-,-,-,-,-,-,-
,-,-,-,-,-,-,-
,-,-,-,-,-,-,-
,-,-,-,-,-,-,-
,-,-,-,-,-,-,-
,-,-,-,-,-,-,-
,-,-,-,-,-,-,-
,-,-,-,-,-,-,-
,-,-,-,-,-,-,-
,-,-,-,-,-,-,-
,-,-,-,-,-,-,-
,-,-,-,-,-,-,-
,-,-,-,-,-,-,-
,-,-,-,-,-,-,-
,-,-,-,-,-,-,-
,-,-,-,-,-,-,-
,-,-,-,-,-,-,-
,-,-,-,-,-,-,-
,-,-,-,-,-,-,-
,-,-,-,-,-,-,-
,-,-,-,-,-,-,-
,-,-,-,-,-,-,-
,-,-,-,-,-,-,-
,-,-,-,-,-,-,-
,-,-,-,-,-,-,-
,-,-,-,-,-,-,-
,-,-,-,-,-,-,-
,-,-,-,-,-,-,-
,-,-,-,-,-,-,-
,-,-,-,-,-,-,-
,-,-,-,-,-,-,-
,-,-,-,-,-,-,-
,-,-,-,-,-,-,-
,-,-,-,-,-,-,-
,-,-,-,-,-,-,-
,-,-,-,-,-,-,-
,-,-,-,-,-,-,-
,-,-,-,-,-,-,-
,-,-,-,-,-,-,-
,-,-,-,-,-,-,-
,-,-,-,-,-,-,-
,-,-,-,-,-,-,-
,-,-,-,-,-,-,-
,-,-,-,-,-,-,-
,-,-,-,-,-,-,-
,-,-,-,-,-,-,-
,-,-,-,-,-,-,-
,-,-,-,-,-,-,-
,-,-,-,-,-,-,-
,-,-,-,-,-,-,-
,-,-,-,-,-,-,-
,-,-,-,-,-,-,-
,-,-,-,-,-,-,-
,-,-,-,-,-,-,-
,-,-,-,-,-,-,-
,-,-,-,-,-,-,-
,-,-,-,-,-,-,-
,-,-,-,-,-,-,-
,-,-,-,-,-,-,-
,-,-,-,-,-,-,-
,-,-,-,-,-,-,-
,-,-,-,-,-,-,-
,-,-,-,-,-,-,-
,-,-,-,-,-,-,-
,-,-,-,-,-,-,-
,-,-,-,-,-,-,-
,-,-,-,-,-,-,-
,-,-,-,-,-,-,-
,-,-,-,-,-,-,-
,-,-,-,-,-,-,-
,-,-,-,-,-,-,-
,-,-,-,-,-,-,-
,-,-,-,-,-,-,-
,-,-,-,-,-,-,-
,-,-,-,-,-,-,-
,-,-,-,-,-,-,-
,-,-,-,-,-,-,-
,-,-,-,-,-,-,-
,-,-,-,-,-,-,-
,-,-,-,-,-,-,-
,-,-,-,-,-,-,-
,-,-,-,-,-,-,-
,-,-,-,-,-,-,-
,-,-,-,-,-,-,-
,-,-,-,-,-,-,-
,-,-,-,-,-,-,-
,-,-,-,-,-,-,-
,-,-,-,-,-,-,-
,-,-,-,-,-,-,-
,-,-,-,-,-,-,-
,-,-,-,-,-,-,-
,-,-,-,-,-,-,-
,-,-,-,-,-,-,-
,-,-,-,-,-,-,-
,-,-,-,-,-,-,-
,-,-,-,-,-,-,-
,-,-,-,-,-,-,-
,-,-,-,-,-,-,-
,-,-,-,-,-,-,-
,-,-,-,-,-,-,-
,-,-,-,-,-,-,-
,-,-,-,-,-,-,-
,-,-,-,-,-,-,-
,-,-,-,-,-,-,-
,-,-,-,-,-,-,-
,-,-,-,-,-,-,-
,-,-,-,-,-,-,-
,-,-,-,-,-,-,-
,-,-,-,-,-,-,-
,-,-,-,-,-,-,-
,-,-,-,-,-,-,-
,-,-,-,-,-,-,-
,-,-,-,-,-,-,-
,-,-,-,-,-,-,-
,-,-,-,-,-,-,-
,-,-,-,-,-,-,-
,-,-,-,-,-,-,-
,-,-,-,-,-,-,-
,-,-,-,-,-,-,-
,-,-,-,-,-,-,-
,-,-,-,-,-,-,-
,-,-,-,-,-,-,-
,-,-,-,-,-,-,-
,-,-,-,-,-,-,-
,-,-,-,-,-,-,-
,-,-,-,-,-,-,-
,-,-,-,-,-,-,-
,-,-,-,-,-,-,-
,-,-,-,-,-,-,-
,-,-,-,-,-,-,-
,-,-,-,-,-,-,-
,-,-,-,-,-,-,-
,-,-,-,-,-,-,-
,-,-,-,-,-,-,-
,-,-,-,-,-,-,-
,-,-,-,-,-,-,-
,-,-,-,-,-,-,-
,-,-,-,-,-,-,-
,-,-,-,-,-,-,-
,-,-,-,-,-,-,-
,-,-,-,-,-,-,-
,-,-,-,-,-,-,-
,-,-,-,-,-,-,-
,-,-,-,-,-,-,-
,-,-,-,-,-,-,-
,-,-,-,-,-,-,-
,-,-,-,-,-,-,-
,-,-,-,-,-,-,-
,-,-,-,-,-,-,-
,-,-,-,-,-,-,-
,-,-,-,-,-,-,-
,-,-,-,-,-,-,-
,-,-,-,-,-,-,-
,-,-,-,-,-,-,-
,-,-,-,-,-,-,-
,-,-,-,-,-,-,-
,-,-,-,-,-,-,-
,-,-,-,-,-,-,-
,-,-,-,-,-,-,-
,-,-,-,-,-,-,-
,-,-,-,-,-,-,-
,-,-,-,-,-,-,-
,-,-,-,-,-,-,-
,-,-,-,-,-,-,-
,-,-,-,-,-,-,-
,-,-,-,-,-,-,-
,-,-,-,-,-,-,-
,-,-,-,-,-,-,-
,-,-,-,-,-,-,-
,-,-,-,-,-,-,-
,-,-,-,-,-,-,-
,-,-,-,-,-,-,-
,-,-,-,-,-,-,-
,-,-,-,-,-,-,-
,-,-,-,-,-,-,-
,-,-,-,-,-,-,-
,-,-,-,-,-,-,-
,-,-,-,-,-,-,-
,-,-,-,-,-,-,-
,-,-,-,-,-,-,-
,-,-,-,-,-,-,-
,-,-,-,-,-,-,-
,-,-,-,-,-,-,-
,-,-,-,-,-,-,-
,-,-,-,-,-,-,-
,-,-,-,-,-,-,-
,-,-,-,-,-,-,-
,-,-,-,-,-,-,-
,-,-,-,-,-,-,-
,-,-,-,-,-,-,-
,-,-,-,-,-,-,-
,-,-,-,-,-,-,-
,-,-,-,-,-,-,-
,-,-,-,-,-,-,-
,-,-,-,-,-,-,-
,-,-,-,-,-,-,-
,-,-,-,-,-,-,-
,-,-,-,-,-,-,-
,-,-,-,-,-,-,-
,-,-,-,-,-,-,-
,-,-,-,-,-,-,-
,-,-,-,-,-,-,-
,-,-,-,-,-,-,-
,-,-,-,-,-,-,-
,-,-,-,-,-,-,-
,-,-,-,-,-,-,-
,-,-,-,-,-,-,-
,-,-,-,-,-,-,-
,-,-,-,-,-,-,-
,-,-,-,-,-,-,-
,-,-,-,-,-,-,-
,-,-,-,-,-,-,-
,-,-,-,-,-,-,-
,-,-,-,-,-,-,-
,-,-,-,-,-,-,-
,-,-,-,-,-,-,-
,-,-,-,-,-,-,-
,-,-,-,-,-,-,-
,-,-,-,-,-,-,-
,-,-,-,-,-,-,-
,-,-,-,-,-,-,-
,-,-,-,-,-,-,-
,-,-,-,-,-,-,-
,-,-,-,-,-,-,-
,-,-,-,-,-,-,-
,-,-,-,-,-,-,-
,-,-,-,-,-,-,-
,-,-,-,-,-,-,-
,-,-,-,-,-,-,-
,-,-,-,-,-,-,-
,-,-,-,-,-,-,-
,-,-,-,-,-,-,-
,-,-,-,-,-,-,-
,-,-,-,-,-,-,-
,-,-,-,-,-,-,-
,-,-,-,-,-,-,-
,-,-,-,-,-,-,-
,-,-,-,-,-,-,-
,-,-,-,-,-,-,-
,-,-,-,-,-,-,-
,-,-,-,-,-,-,-
,-,-,-,-,-,-,-
,-,-,-,-,-,-,-
,-,-,-,-,-,-,-
,-,-,-,-,-,-,-
,-,-,-,-,-,-,-
,-,-,-,-,-,-,-
,-,-,-,-,-,-,-
,-,-,-,-,-,-,-
,-,-,-,-,-,-,-
,-,-,-,-,-,-,-
,-,-,-,-,-,-,-
,-,-,-,-,-,-,-
,-,-,-,-,-,-,-
,-,-,-,-,-,-,-
,-,-,-,-,-,-,-
,-,-,-,-,-,-,-
,-,-,-,-,-,-,-
,-,-,-,-,-,-,-
,-,-,-,-,-,-,-
,-,-,-,-,-,-,-
,-,-,-,-,-,-,-
,-,-,-,-,-,-,-
,-,-,-,-,-,-,-
,-,-,-,-,-,-,-
,-,-,-,-,-,-,-
,-,-,-,-,-,-,-
,-,-,-,-,-,-,-
,-,-,-,-,-,-,-
,-,-,-,-,-,-,-
,-,-,-,-,-,-,-
,-,-,-,-,-,-,-
,-,-,-,-,-,-,-
,-,-,-,-,-,-,-
,-,-,-,-,-,-,-
,-,-,-,-,-,-,-
,-,-,-,-,-,-,-
,-,-,-,-,-,-,-
,-,-,-,-,-,-,-
,-,-,-,-,-,-,-
,-,-,-,-,-,-,-
,-,-,-,-,-,-,-
,-,-,-,-,-,-,-
,-,-,-,-,-,-,-
,-,-,-,-,-,-,-
,-,-,-,-,-,-,-
,-,-,-,-,-,-,-
,-,-,-,-,-,-,-
,-,-,-,-,-,-,-
,-,-,-,-,-,-,-
,-,-,-,-,-,-,-
,-,-,-,-,-,-,-
,-,-,-,-,-,-,-
,-,-,-,-,-,-,-
,-,-,-,-,-,-,-
,-,-,-,-,-,-,-
,-,-,-,-,-,-,-
,-,-,-,-,-,-,-
,-,-,-,-,-,-,-
,-,-,-,-,-,-,-
,-,-,-,-,-,-,-
,-,-,-,-,-,-,-
,-,-,-,-,-,-,-
,-,-,-,-,-,-,-
,-,-,-,-,-,-,-
,-,-,-,-,-,-,-
,-,-,-,-,-,-,-
,-,-,-,-,-,-,-
,-,-,-,-,-,-,-
,-,-,-,-,-,-,-
,-,-,-,-,-,-,-
,-,-,-,-,-,-,-
,-,-,-,-,-,-,-
,-,-,-,-,-,-,-
,-,-,-,-,-,-,-
,-,-,-,-,-,-,-
,-,-,-,-,-,-,-
,-,-,-,-,-,-,-
,-,-,-,-,-,-,-
,-,-,-,-,-,-,-
,-,-,-,-,-,-,-
,-,-,-,-,-,-,-
,-,-,-,-,-,-,-
,-,-,-,-,-,-,-
,-,-,-,-,-,-,-
,-,-,-,-,-,-,-
,-,-,-,-,-,-,-
,-,-,-,-,-,-,-
,-,-,-,-,-,-,-
,-,-,-,-,-,-,-
,-,-,-,-,-,-,-
,-,-,-,-,-,-,-
,-,-,-,-,-,-,-
,-,-,-,-,-,-,-
,-,-,-,-,-,-,-
,-,-,-,-,-,-,-
,-,-,-,-,-,-,-
,-,-,-,-,-,-,-
,-,-,-,-,-,-,-
,-,-,-,-,-,-,-
,-,-,-,-,-,-,-
,-,-,-,-,-,-,-
,-,-,-,-,-,-,-
,-,-,-,-,-,-,-
,-,-,-,-,-,-,-
,-,-,-,-,-,-,-
,-,-,-,-,-,-,-
,-,-,-,-,-,-,-
,-,-,-,-,-,-,-
,-,-,-,-,-,-,-
,-,-,-,-,-,-,-
,-,-,-,-,-,-,-
,-,-,-,-,-,-,-
,-,-,-,-,-,-,-
,-,-,-,-,-,-,-
,-,-,-,-,-,-,-
,-,-,-,-,-,-,-
,-,-,-,-,-,-,-
,-,-,-,-,-,-,-
,-,-,-,-,-,-,-
,-,-,-,-,-,-,-
,-,-,-,-,-,-,-
,-,-,-,-,-,-,-
,-,-,-,-,-,-,-
,-,-,-,-,-,-,-
,-,-,-,-,-,-,-
,-,-,-,-,-,-,-
,-,-,-,-,-,-,-
,-,-,-,-,-,-,-
,-,-,-,-,-,-,-
,-,-,-,-,-,-,-
,-,-,-,-,-,-,-
,-,-,-,-,-,-,-
,-,-,-,-,-,-,-
,-,-,-,-,-,-,-
,-,-,-,-,-,-,-
,-,-,-,-,-,-,-
,-,-,-,-,-,-,-
,-,-,-,-,-,-,-
,-,-,-,-,-,-,-
,-,-,-,-,-,-,-
,-,-,-,-,-,-,-
,-,-,-,-,-,-,-
,-,-,-,-,-,-,-
,-,-,-,-,-,-,-
,-,-,-,-,-,-,-
,-,-,-,-,-,-,-
,-,-,-,-,-,-,-
,-,-,-,-,-,-,-
,-,-,-,-,-,-,-
,-,-,-,-,-,-,-
,-,-,-,-,-,-,-
,-,-,-,-,-,-,-
,-,-,-,-,-,-,-
,-,-,-,-,-,-,-
,-,-,-,-,-,-,-
,-,-,-,-,-,-,-
,-,-,-,-,-,-,-
,-,-,-,-,-,-,-
,-,-,-,-,-,-,-
,-,-,-,-,-,-,-
,-,-,-,-,-,-,-
,-,-,-,-,-,-,-
,-,-,-,-,-,-,-
,-,-,-,-,-,-,-
,-,-,-,-,-,-,-
,-,-,-,-,-,-,-
,-,-,-,-,-,-,-
,-,-,-,-,-,-,-
,-,-,-,-,-,-,-
,-,-,-,-,-,-,-
,-,-,-,-,-,-,-
,-,-,-,-,-,-,-
,-,-,-,-,-,-,-
,-,-,-,-,-,-,-
,-,-,-,-,-,-,-
,-,-,-,-,-,-,-
,-,-,-,-,-,-,-
,-,-,-,-,-,-,-
,-,-,-,-,-,-,-
,-,-,-,-,-,-,-
,-,-,-,-,-,-,-
,-,-,-,-,-,-,-
,-,-,-,-,-,-,-
,-,-,-,-,-,-,-
,-,-,-,-,-,-,-
,-,-,-,-,-,-,-
,-,-,-,-,-,-,-
,-,-,-,-,-,-,-
,-,-,-,-,-,-,-
,-,-,-,-,-,-,-
,-,-,-,-,-,-,-
,-,-,-,-,-,-,-
,-,-,-,-,-,-,-
,-,-,-,-,-,-,-
,-,-,-,-,-,-,-
,-,-,-,-,-,-,-
,-,-,-,-,-,-,-
,-,-,-,-,-,-,-
,-,-,-,-,-,-,-
,-,-,-,-,-,-,-
,-,-,-,-,-,-,-
,-,-,-,-,-,-,-
,-,-,-,-,-,-,-
,-,-,-,-,-,-,-
,-,-,-,-,-,-,-
,-,-,-,-,-,-,-
,-,-,-,-,-,-,-
,-,-,-,-,-,-,-
,-,-,-,-,-,-,-
,-,-,-,-,-,-,-
,-,-,-,-,-,-,-
,-,-,-,-,-,-,-
,-,-,-,-,-,-,-
,-,-,-,-,-,-,-
,-,-,-,-,-,-,-
,-,-,-,-,-,-,-
,-,-,-,-,-,-,-
,-,-,-,-,-,-,-
,-,-,-,-,-,-,-
,-,-,-,-,-,-,-
,-,-,-,-,-,-,-
,-,-,-,-,-,-,-
,-,-,-,-,-,-,-
,-,-,-,-,-,-,-
,-,-,-,-,-,-,-
,-,-,-,-,-,-,-
,-,-,-,-,-,-,-
,-,-,-,-,-,-,-
,-,-,-,-,-,-,-
,-,-,-,-,-,-,-
,-,-,-,-,-,-,-
,-,-,-,-,-,-,-
,-,-,-,-,-,-,-
,-,-,-,-,-,-,-
,-,-,-,-,-,-,-
,-,-,-,-,-,-,-
,-,-,-,-,-,-,-
,-,-,-,-,-,-,-
,-,-,-,-,-,-,-
,-,-,-,-,-,-,-
,-,-,-,-,-,-,-
,-,-,-,-,-,-,-
,-,-,-,-,-,-,-
,-,-,-,-,-,-,-
,-,-,-,-,-,-,-
,-,-,-,-,-,-,-
,-,-,-,-,-,-,-
,-,-,-,-,-,-,-
,-,-,-,-,-,-,-
,-,-,-,-,-,-,-
,-,-,-,-,-,-,-
,-,-,-,-,-,-,-
,-,-,-,-,-,-,-
,-,-,-,-,-,-,-
,-,-,-,-,-,-,-
,-,-,-,-,-,-,-
,-,-,-,-,-,-,-
,-,-,-,-,-,-,-
,-,-,-,-,-,-,-
,-,-,-,-,-,-,-
,-,-,-,-,-,-,-
,-,-,-,-,-,-,-
,-,-,-,-,-,-,-
,-,-,-,-,-,-,-
,-,-,-,-,-,-,-
,-,-,-,-,-,-,-
,-,-,-,-,-,-,-
,-,-,-,-,-,-,-
,-,-,-,-,-,-,-
,-,-,-,-,-,-,-
,-,-,-,-,-,-,-
,-,-,-,-,-,-,-
,-,-,-,-,-,-,-
,-,-,-,-,-,-,-
,-,-,-,-,-,-,-
,-,-,-,-,-,-,-
,-,-,-,-,-,-,-
,-,-,-,-,-,-,-
,-,-,-,-,-,-,-
,-,-,-,-,-,-,-
,-,-,-,-,-,-,-
,-,-,-,-,-,-,-
,-,-,-,-,-,-,-
,-,-,-,-,-,-,-
,-,-,-,-,-,-,-
,-,-,-,-,-,-,-
,-,-,-,-,-,-,-
,-,-,-,-,-,-,-
,-,-,-,-,-,-,-
,-,-,-,-,-,-,-
,-,-,-,-,-,-,-
,-,-,-,-,-,-,-
,-,-,-,-,-,-,-
,-,-,-,-,-,-,-
,-,-,-,-,-,-,-
,-,-,-,-,-,-,-
,-,-,-,-,-,-,-
,-,-,-,-,-,-,-
,-,-,-,-,-,-,-
,-,-,-,-,-,-,-
,-,-,-,-,-,-,-
,-,-,-,-,-,-,-
,-,-,-,-,-,-,-
,-,-,-,-,-,-,-
,-,-,-,-,-,-,-
,-,-,-,-,-,-,-
,-,-,-,-,-,-,-
,-,-,-,-,-,-,-
,-,-,-,-,-,-,-
,-,-,-,-,-,-,-
,-,-,-,-,-,-,-
,-,-,-,-,-,-,-
,-,-,-,-,-,-,-
,-,-,-,-,-,-,-
,-,-,-,-,-,-,-
,-,-,-,-,-,-,-
,-,-,-,-,-,-,-
,-,-,-,-,-,-,-
,-,-,-,-,-,-,-
,-,-,-,-,-,-,-
,-,-,-,-,-,-,-
,-,-,-,-,-,-,-
,-,-,-,-,-,-,-
,-,-,-,-,-,-,-
,-,-,-,-,-,-,-
,-,-,-,-,-,-,-
,-,-,-,-,-,-,-
,-,-,-,-,-,-,-
,-,-,-,-,-,-,-
,-,-,-,-,-,-,-
,-,-,-,-,-,-,-
,-,-,-,-,-,-,-
,-,-,-,-,-,-,-
,-,-,-,-,-,-,-
,-,-,-,-,-,-,-
,-,-,-,-,-,-,-
,-,-,-,-,-,-,-
,-,-,-,-,-,-,-
,-,-,-,-,-,-,-
,-,-,-,-,-,-,-
,-,-,-,-,-,-,-
,-,-,-,-,-,-,-
,-,-,-,-,-,-,-
,-,-,-,-,-,-,-
,-,-,-,-,-,-,-
,-,-,-,-,-,-,-
,-,-,-,-,-,-,-
,-,-,-,-,-,-,-
,-,-,-,-,-,-,-
,-,-,-,-,-,-,-
,-,-,-,-,-,-,-
,-,-,-,-,-,-,-
,-,-,-,-,-,-,-
,-,-,-,-,-,-,-
,-,-,-,-,-,-,-
,-,-,-,-,-,-,-
,-,-,-,-,-,-,-
,-,-,-,-,-,-,-
,-,-,-,-,-,-,-
,-,-,-,-,-,-,-
,-,-,-,-,-,-,-
,-,-,-,-,-,-,-
,-,-,-,-,-,-,-
,-,-,-,-,-,-,-
,-,-,-,-,-,-,-
,-,-,-,-,-,-,-
,-,-,-,-,-,-,-
,-,-,-,-,-,-,-
,-,-,-,-,-,-,-
,-,-,-,-,-,-,-
,-,-,-,-,-,-,-
,-,-,-,-,-,-,-
,-,-,-,-,-,-,-
,-,-,-,-,-,-,-
,-,-,-,-,-,-,-
,-,-,-,-,-,-,-
,-,-,-,-,-,-,-
,-,-,-,-,-,-,-
,-,-,-,-,-,-,-
,-,-,-,-,-,-,-
,-,-,-,-,-,-,-
,-,-,-,-,-,-,-
,-,-,-,-,-,-,-
,-,-,-,-,-,-,-
,-,-,-,-,-,-,-
,-,-,-,-,-,-,-
,-,-,-,-,-,-,-
,-,-,-,-,-,-,-
,-,-,-,-,-,-,-
,-,-,-,-,-,-,-
,-,-,-,-,-,-,-
,-,-,-,-,-,-,-
,-,-,-,-,-,-,-
,-,-,-,-,-,-,-
,-,-,-,-,-,-,-
,-,-,-,-,-,-,-
,-,-,-,-,-,-,-
,-,-,-,-,-,-,-
,-,-,-,-,-,-,-
,-,-,-,-,-,-,-
,-,-,-,-,-,-,-
,-,-,-,-,-,-,-
,-,-,-,-,-,-,-
,-,-,-,-,-,-,-
,-,-,-,-,-,-,-
,-,-,-,-,-,-,-
,-,-,-,-,-,-,-
,-,-,-,-,-,-,-
,-,-,-,-,-,-,-
,-,-,-,-,-,-,-
,-,-,-,-,-,-,-
,-,-,-,-,-,-,-
,-,-,-,-,-,-,-
,-,-,-,-,-,-,-
,-,-,-,-,-,-,-
,-,-,-,-,-,-,-
,-,-,-,-,-,-,-
,-,-,-,-,-,-,-
,-,-,-,-,-,-,-
,-,-,-,-,-,-,-
,-,-,-,-,-,-,-
,-,-,-,-,-,-,-
,-,-,-,-,-,-,-
,-,-,-,-,-,-,-
,-,-,-,-,-,-,-
,-,-,-,-,-,-,-
,-,-,-,-,-,-,-
,-,-,-,-,-,-,-
,-,-,-,-,-,-,-
,-,-,-,-,-,-,-
,-,-,-,-,-,-,-
,-,-,-,-,-,-,-
,-,-,-,-,-,-,-
,-,-,-,-,-,-,-
,-,-,-,-,-,-,-
,-,-,-,-,-,-,-
,-,-,-,-,-,-,-
,-,-,-,-,-,-,-
,-,-,-,-,-,-,-
,-,-,-,-,-,-,-
,-,-,-,-,-,-,-
,-,-,-,-,-,-,-
,-,-,-,-,-,-,-
,-,-,-,-,-,-,-
,-,-,-,-,-,-,-
,-,-,-,-,-,-,-
,-,-,-,-,-,-,-
,-,-,-,-,-,-,-
,-,-,-,-,-,-,-
,-,-,-,-,-,-,-
,-,-,-,-,-,-,-
,-,-,-,-,-,-,-
,-,-,-,-,-,-,-
,-,-,-,-,-,-,-
,-,-,-,-,-,-,-
,-,-,-,-,-,-,-
,-,-,-,-,-,-,-
,-,-,-,-,-,-,-
,-,-,-,-,-,-,-
,-,-,-,-,-,-,-
,-,-,-,-,-,-,-
,-,-,-,-,-,-,-
,-,-,-,-,-,-,-
,-,-,-,-,-,-,-
,-,-,-,-,-,-,-
,-,-,-,-,-,-,-
,-,-,-,-,-,-,-
,-,-,-,-,-,-,-
,-,-,-,-,-,-,-
,-,-,-,-,-,-,-
,-,-,-,-,-,-,-
,-,-,-,-,-,-,-
,-,-,-,-,-,-,-
,-,-,-,-,-,-,-
,-,-,-,-,-,-,-
,-,-,-,-,-,-,-
,-,-,-,-,-,-,-
,-,-,-,-,-,-,-
,-,-,-,-,-,-,-
,-,-,-,-,-,-,-
,-,-,-,-,-,-,-
,-,-,-,-,-,-,-
,-,-,-,-,-,-,-
,-,-,-,-,-,-,-
,-,-,-,-,-,-,-
,-,-,-,-,-,-,-
,-,-,-,-,-,-,-
,-,-,-,-,-,-,-
,-,-,-,-,-,-,-
,-,-,-,-,-,-,-
,-,-,-,-,-,-,-
,-,-,-,-,-,-,-
,-,-,-,-,-,-,-
,-,-,-,-,-,-,-
,-,-,-,-,-,-,-
,-,-,-,-,-,-,-
,-,-,-,-,-,-,-
,-,-,-,-,-,-,-
,-,-,-,-,-,-,-
,-,-,-,-,-,-,-
,-,-,-,-,-,-,-
,-,-,-,-,-,-,-
,-,-,-,-,-,-,-
,-,-,-,-,-,-,-
,-,-,-,-,-,-,-
,-,-,-,-,-,-,-
,-,-,-,-,-,-,-
,-,-,-,-,-,-,-
,-,-,-,-,-,-,-
,-,-,-,-,-,-,-
,-,-,-,-,-,-,-
,-,-,-,-,-,-,-
,-,-,-,-,-,-,-
,-,-,-,-,-,-,-
,-,-,-,-,-,-,-
,-,-,-,-,-,-,-
,-,-,-,-,-,-,-
,-,-,-,-,-,-,-
,-,-,-,-,-,-,-
,-,-,-,-,-,-,-
,-,-,-,-,-,-,-
,-,-,-,-,-,-,-
,-,-,-,-,-,-,-
,-,-,-,-,-,-,-
,-,-,-,-,-,-,-
,-,-,-,-,-,-,-
,-,-,-,-,-,-,-
,-,-,-,-,-,-,-
,-,-,-,-,-,-,-
,-,-,-,-,-,-,-
,-,-,-,-,-,-,-
,-,-,-,-,-,-,-
,-,-,-,-,-,-,-
,-,-,-,-,-,-,-
,-,-,-,-,-,-,-
,-,-,-,-,-,-,-
,-,-,-,-,-,-,-
,-,-,-,-,-,-,-
,-,-,-,-,-,-,-
,-,-,-,-,-,-,-
,-,-,-,-,-,-,-
,-,-,-,-,-,-,-
,-,-,-,-,-,-,-
,-,-,-,-,-,-,-
,-,-,-,-,-,-,-
,-,-,-,-,-,-,-
,-,-,-,-,-,-,-
,-,-,-,-,-,-,-
,-,-,-,-,-,-,-
,-,-,-,-,-,-,-
,-,-,-,-,-,-,-
,-,-,-,-,-,-,-
,-,-,-,-,-,-,-
,-,-,-,-,-,-,-
,-,-,-,-,-,-,-
,-,-,-,-,-,-,-
,-,-,-,-,-,-,-
,-,-,-,-,-,-,-
,-,-,-,-,-,-,-
,-,-,-,-,-,-,-
,-,-,-,-,-,-,-
,-,-,-,-,-,-,-
,-,-,-,-,-,-,-
,-,-,-,-,-,-,-
,-,-,-,-,-,-,-
,-,-,-,-,-,-,-
,-,-,-,-,-,-,-
,-,-,-,-,-,-,-
,-,-,-,-,-,-,-
,-,-,-,-,-,-,-
,-,-,-,-,-,-,-
,-,-,-,-,-,-,-
,-,-,-,-,-,-,-
,-,-,-,-,-,-,-
,-,-,-,-,-,-,-
,-,-,-,-,-,-,-
,-,-,-,-,-,-,-
,-,-,-,-,-,-,-
,-,-,-,-,-,-,-
,-,-,-,-,-,-,-
,-,-,-,-,-,-,-
,-,-,-,-,-,-,-
,-,-,-,-,-,-,-
,-,-,-,-,-,-,-
,-,-,-,-,-,-,-
,-,-,-,-,-,-,-
,-,-,-,-,-,-,-
,-,-,-,-,-,-,-
,-,-,-,-,-,-,-
,-,-,-,-,-,-,-
,-,-,-,-,-,-,-
,-,-,-,-,-,-,-
,-,-,-,-,-,-,-
,-,-,-,-,-,-,-
,-,-,-,-,-,-,-
,-,-,-,-,-,-,-
,-,-,-,-,-,-,-
,-,-,-,-,-,-,-
,-,-,-,-,-,-,-
,-,-,-,-,-,-,-
,-,-,-,-,-,-,-
,-,-,-,-,-,-,-
,-,-,-,-,-,-,-
,-,-,-,-,-,-,-
,-,-,-,-,-,-,-
,-,-,-,-,-,-,-
,-,-,-,-,-,-,-
,-,-,-,-,-,-,-
,-,-,-,-,-,-,-
,-,-,-,-,-,-,-
,-,-,-,-,-,-,-
,-,-,-,-,-,-,-
,-,-,-,-,-,-,-
,-,-,-,-,-,-,-
,-,-,-,-,-,-,-
,-,-,-,-,-,-,-
,-,-,-,-,-,-,-
,-,-,-,-,-,-,-
,-,-,-,-,-,-,-
,-,-,-,-,-,-,-
,-,-,-,-,-,-,-
,-,-,-,-,-,-,-
,-,-,-,-,-,-,-
,-,-,-,-,-,-,-
,-,-,-,-,-,-,-
,-,-,-,-,-,-,-
,-,-,-,-,-,-,-
,-,-,-,-,-,-,-
,-,-,-,-,-,-,-
,-,-,-,-,-,-,-
,-,-,-,-,-,-,-
,-,-,-,-,-,-,-
,-,-,-,-,-,-,-
,-,-,-,-,-,-,-
,-,-,-,-,-,-,-
,-,-,-,-,-,-,-
,-,-,-,-,-,-,-
,-,-,-,-,-,-,-
,-,-,-,-,-,-,-
,-,-,-,-,-,-,-
,-,-,-,-,-,-,-
,-,-,-,-,-,-,-
,-,-,-,-,-,-,-
,-,-,-,-,-,-,-
,-,-,-,-,-,-,-
,-,-,-,-,-,-,-
,-,-,-,-,-,-,-
,-,-,-,-,-,-,-
,-,-,-,-,-,-,-
,-,-,-,-,-,-,-
,-,-,-,-,-,-,-
,-,-,-,-,-,-,-
,-,-,-,-,-,-,-
,-,-,-,-,-,-,-
,-,-,-,-,-,-,-
,-,-,-,-,-,-,-
,-,-,-,-,-,-,-
,-,-,-,-,-,-,-
,-,-,-,-,-,-,-
,-,-,-,-,-,-,-
,-,-,-,-,-,-,-
,-,-,-,-,-,-,-
,-,-,-,-,-,-,-
,-,-,-,-,-,-,-
,-,-,-,-,-,-,-
,-,-,-,-,-,-,-
,-,-,-,-,-,-,-
,-,-,-,-,-,-,-
,-,-,-,-,-,-,-
,-,-,-,-,-,-,-
,-,-,-,-,-,-,-
,-,-,-,-,-,-,-
,-,-,-,-,-,-,-
,-,-,-,-,-,-,-
,-,-,-,-,-,-,-
,-,-,-,-,-,-,-
,-,-,-,-,-,-,-
,-,-,-,-,-,-,-
,-,-,-,-,-,-,-
,-,-,-,-,-,-,-
,-,-,-,-,-,-,-
,-,-,-,-,-,-,-
,-,-,-,-,-,-,-
,-,-,-,-,-,-,-
,-,-,-,-,-,-,-
,-,-,-,-,-,-,-
,-,-,-,-,-,-,-
,-,-,-,-,-,-,-
,-,-,-,-,-,-,-
,-,-,-,-,-,-,-
,-,-,-,-,-,-,-
,-,-,-,-,-,-,-
,-,-,-,-,-,-,-
,-,-,-,-,-,-,-
,-,-,-,-,-,-,-
,-,-,-,-,-,-,-
,-,-,-,-,-,-,-
,-,-,-,-,-,-,-
,-,-,-,-,-,-,-
,-,-,-,-,-,-,-
,-,-,-,-,-,-,-
,-,-,-,-,-,-,-
,-,-,-,-,-,-,-
,-,-,-,-,-,-,-
,-,-,-,-,-,-,-
,-,-,-,-,-,-,-
,-,-,-,-,-,-,-
,-,-,-,-,-,-,-
,-,-,-,-,-,-,-
,-,-,-,-,-,-,-
,-,-,-,-,-,-,-
,-,-,-,-,-,-,-
,-,-,-,-,-,-,-
,-,-,-,-,-,-,-
,-,-,-,-,-,-,-
,-,-,-,-,-,-,-
,-,-,-,-,-,-,-
,-,-,-,-,-,-,-
,-,-,-,-,-,-,-
,-,-,-,-,-,-,-
,-,-,-,-,-,-,-
,-,-,-,-,-,-,-
,-,-,-,-,-,-,-
,-,-,-,-,-,-,-
,-,-,-,-,-,-,-
,-,-,-,-,-,-,-
,-,-,-,-,-,-,-
,-,-,-,-,-,-,-
,-,-,-,-,-,-,-
,-,-,-,-,-,-,-
,-,-,-,-,-,-,-
,-,-,-,-,-,-,-
,-,-,-,-,-,-,-
,-,-,-,-,-,-,-
,-,-,-,-,-,-,-
,-,-,-,-,-,-,-
,-,-,-,-,-,-,-
,-,-,-,-,-,-,-
,-,-,-,-,-,-,-
,-,-,-,-,-,-,-
,-,-,-,-,-,-,-
,-,-,-,-,-,-,-
,-,-,-,-,-,-,-
,-,-,-,-,-,-,-
,-,-,-,-,-,-,-
,-,-,-,-,-,-,-
,-,-,-,-,-,-,-
,-,-,-,-,-,-,-
,-,-,-,-,-,-,-
,-,-,-,-,-,-,-
,-,-,-,-,-,-,-
,-,-,-,-,-,-,-
,-,-,-,-,-,-,-
,-,-,-,-,-,-,-
,-,-,-,-,-,-,-
,-,-,-,-,-,-,-
,-,-,-,-,-,-,-
,-,-,-,-,-,-,-
,-,-,-,-,-,-,-
,-,-,-,-,-,-,-
,-,-,-,-,-,-,-
,-,-,-,-,-,-,-
,-,-,-,-,-,-,-
,-,-,-,-,-,-,-
,-,-,-,-,-,-,-
,-,-,-,-,-,-,-
,-,-,-,-,-,-,-
,-,-,-,-,-,-,-
,-,-,-,-,-,-,-
,-,-,-,-,-,-,-
,-,-,-,-,-,-,-
,-,-,-,-,-,-,-
,-,-,-,-,-,-,-
,-,-,-,-,-,-,-
,-,-,-,-,-,-,-
,-,-,-,-,-,-,-
,-,-,-,-,-,-,-
,-,-,-,-,-,-,-
,-,-,-,-,-,-,-
,-,-,-,-,-,-,-
,-,-,-,-,-,-,-
,-,-,-,-,-,-,-
,-,-,-,-,-,-,-
,-,-,-,-,-,-,-
,-,-,-,-,-,-,-
,-,-,-,-,-,-,-
,-,-,-,-,-,-,-
,-,-,-,-,-,-,-
,-,-,-,-,-,-,-
,-,-,-,-,-,-,-
,-,-,-,-,-,-,-
,-,-,-,-,-,-,-
,-,-,-,-,-,-,-
,-,-,-,-,-,-,-
,-,-,-,-,-,-,-
,-,-,-,-,-,-,-
,-,-,-,-,-,-,-
,-,-,-,-,-,-,-
,-,-,-,-,-,-,-
,-,-,-,-,-,-,-
,-,-,-,-,-,-,-
,-,-,-,-,-,-,-
,-,-,-,-,-,-,-
,-,-,-,-,-,-,-
,-,-,-,-,-,-,-
,-,-,-,-,-,-,-
,-,-,-,-,-,-,-
,-,-,-,-,-,-,-
,-,-,-,-,-,-,-
,-,-,-,-,-,-,-
,-,-,-,-,-,-,-
,-,-,-,-,-,-,-
,-,-,-,-,-,-,-
,-,-,-,-,-,-,-
,-,-,-,-,-,-,-
,-,-,-,-,-,-,-
,-,-,-,-,-,-,-
,-,-,-,-,-,-,-
,-,-,-,-,-,-,-
,-,-,-,-,-,-,-
,-,-,-,-,-,-,-
,-,-,-,-,-,-,-
,-,-,-,-,-,-,-
,-,-,-,-,-,-,-
,-,-,-,-,-,-,-
,-,-,-,-,-,-,-
,-,-,-,-,-,-,-
,-,-,-,-,-,-,-
,-,-,-,-,-,-,-
,-,-,-,-,-,-,-
,-,-,-,-,-,-,-
,-,-,-,-,-,-,-
,-,-,-,-,-,-,-
,-,-,-,-,-,-,-
,-,-,-,-,-,-,-
,-,-,-,-,-,-,-
,-,-,-,-,-,-,-
,-,-,-,-,-,-,-
,-,-,-,-,-,-,-
,-,-,-,-,-,-,-
,-,-,-,-,-,-,-
,-,-,-,-,-,-,-
,-,-,-,-,-,-,-
,-,-,-,-,-,-,-
,-,-,-,-,-,-,-
,-,-,-,-,-,-,-
,-,-,-,-,-,-,-
,-,-,-,-,-,-,-
,-,-,-,-,-,-,-
,-,-,-,-,-,-,-
,-,-,-,-,-,-,-
,-,-,-,-,-,-,-
,-,-,-,-,-,-,-
,-,-,-,-,-,-,-
,-,-,-,-,-,-,-
,-,-,-,-,-,-,-
,-,-,-,-,-,-,-
,-,-,-,-,-,-,-
,-,-,-,-,-,-,-
,-,-,-,-,-,-,-
,-,-,-,-,-,-,-
,-,-,-,-,-,-,-
,-,-,-,-,-,-,-
,-,-,-,-,-,-,-
,-,-,-,-,-,-,-
,-,-,-,-,-,-,-
,-,-,-,-,-,-,-
,-,-,-,-,-,-,-
,-,-,-,-,-,-,-
,-,-,-,-,-,-,-
,-,-,-,-,-,-,-
,-,-,-,-,-,-,-
,-,-,-,-,-,-,-
,-,-,-,-,-,-,-
,-,-,-,-,-,-,-
,-,-,-,-,-,-,-
,-,-,-,-,-,-,-
,-,-,-,-,-,-,-
,-,-,-,-,-,-,-
,-,-,-,-,-,-,-
,-,-,-,-,-,-,-
,-,-,-,-,-,-,-
,-,-,-,-,-,-,-
,-,-,-,-,-,-,-
,-,-,-,-,-,-,-
,-,-,-,-,-,-,-
,-,-,-,-,-,-,-
,-,-,-,-,-,-,-
,-,-,-,-,-,-,-
,-,-,-,-,-,-,-
,-,-,-,-,-,-,-
,-,-,-,-,-,-,-
,-,-,-,-,-,-,-
,-,-,-,-,-,-,-
,-,-,-,-,-,-,-
,-,-,-,-,-,-,-
,-,-,-,-,-,-,-
,-,-,-,-,-,-,-
,-,-,-,-,-,-,-
,-,-,-,-,-,-,-
,-,-,-,-,-,-,-
,-,-,-,-,-,-,-
,-,-,-,-,-,-,-
,-,-,-,-,-,-,-
,-,-,-,-,-,-,-
,-,-,-,-,-,-,-
,-,-,-,-,-,-,-
,-,-,-,-,-,-,-
,-,-,-,-,-,-,-
,-,-,-,-,-,-,-
,-,-,-,-,-,-,-
,-,-,-,-,-,-,-
,-,-,-,-,-,-,-
,-,-,-,-,-,-,-
,-,-,-,-,-,-,-
,-,-,-,-,-,-,-
,-,-,-,-,-,-,-
,-,-,-,-,-,-,-
,-,-,-,-,-,-,-
,-,-,-,-,-,-,-
,-,-,-,-,-,-,-
,-,-,-,-,-,-,-
,-,-,-,-,-,-,-
,-,-,-,-,-,-,-
,-,-,-,-,-,-,-
,-,-,-,-,-,-,-
,-,-,-,-,-,-,-
,-,-,-,-,-,-,-
,-,-,-,-,-,-,-
,-,-,-,-,-,-,-
,-,-,-,-,-,-,-
,-,-,-,-,-,-,-
,-,-,-,-,-,-,-
,-,-,-,-,-,-,-
,-,-,-,-,-,-,-
,-,-,-,-,-,-,-
,-,-,-,-,-,-,-
,-,-,-,-,-,-,-
,-,-,-,-,-,-,-
,-,-,-,-,-,-,-
,-,-,-,-,-,-,-
,-,-,-,-,-,-,-
,-,-,-,-,-,-,-
,-,-,-,-,-,-,-
,-,-,-,-,-,-,-
,-,-,-,-,-,-,-
,-,-,-,-,-,-,-
,-,-,-,-,-,-,-
,-,-,-,-,-,-,-
,-,-,-,-,-,-,-
,-,-,-,-,-,-,-
,-,-,-,-,-,-,-
,-,-,-,-,-,-,-
,-,-,-,-,-,-,-
,-,-,-,-,-,-,-
,-,-,-,-,-,-,-
,-,-,-,-,-,-,-
,-,-,-,-,-,-,-
,-,-,-,-,-,-,-
,-,-,-,-,-,-,-
,-,-,-,-,-,-,-
,-,-,-,-,-,-,-
,-,-,-,-,-,-,-
,-,-,-,-,-,-,-
,-,-,-,-,-,-,-
,-,-,-,-,-,-,-
,-,-,-,-,-,-,-
,-,-,-,-,-,-,-
,-,-,-,-,-,-,-
,-,-,-,-,-,-,-
,-,-,-,-,-,-,-
,-,-,-,-,-,-,-
,-,-,-,-,-,-,-
,-,-,-,-,-,-,-
,-,-,-,-,-,-,-
,-,-,-,-,-,-,-
,-,-,-,-,-,-,-
,-,-,-,-,-,-,-
,-,-,-,-,-,-,-
,-,-,-,-,-,-,-
,-,-,-,-,-,-,-
,-,-,-,-,-,-,-
,-,-,-,-,-,-,-
,-,-,-,-,-,-,-
,-,-,-,-,-,-,-
,-,-,-,-,-,-,-
,-,-,-,-,-,-,-
,-,-,-,-,-,-,-
,-,-,-,-,-,-,-
,-,-,-,-,-,-,-
,-,-,-,-,-,-,-
,-,-,-,-,-,-,-
,-,-,-,-,-,-,-
,-,-,-,-,-,-,-
,-,-,-,-,-,-,-
,-,-,-,-,-,-,-
,-,-,-,-,-,-,-
,-,-,-,-,-,-,-
,-,-,-,-,-,-,-
,-,-,-,-,-,-,-
,-,-,-,-,-,-,-
,-,-,-,-,-,-,-
,-,-,-,-,-,-,-
,-,-,-,-,-,-,-
,-,-,-,-,-,-,-
,-,-,-,-,-,-,-
,-,-,-,-,-,-,-
,-,-,-,-,-,-,-
,-,-,-,-,-,-,-
,-,-,-,-,-,-,-
,-,-,-,-,-,-,-
,-,-,-,-,-,-,-
,-,-,-,-,-,-,-
,-,-,-,-,-,-,-
,-,-,-,-,-,-,-
,-,-,-,-,-,-,-
,-,-,-,-,-,-,-
,-,-,-,-,-,-,-
,-,-,-,-,-,-,-
,-,-,-,-,-,-,-
,-,-,-,-,-,-,-
,-,-,-,-,-,-,-
,-,-,-,-,-,-,-
,-,-,-,-,-,-,-
,-,-,-,-,-,-,-
,-,-,-,-,-,-,-
,-,-,-,-,-,-,-
,-,-,-,-,-,-,-
,-,-,-,-,-,-,-
,-,-,-,-,-,-,-
,-,-,-,-,-,-,-
,-,-,-,-,-,-,-
,-,-,-,-,-,-,-
,-,-,-,-,-,-,-
,-,-,-,-,-,-,-
,-,-,-,-,-,-,-
,-,-,-,-,-,-,-
,-,-,-,-,-,-,-
,-,-,-,-,-,-,-
,-,-,-,-,-,-,-
,-,-,-,-,-,-,-
,-,-,-,-,-,-,-
,-,-,-,-,-,-,-
,-,-,-,-,-,-,-
,-,-,-,-,-,-,-
,-,-,-,-,-,-,-
,-,-,-,-,-,-,-
,-,-,-,-,-,-,-
,-,-,-,-,-,-,-
,-,-,-,-,-,-,-
,-,-,-,-,-,-,-
,-,-,-,-,-,-,-
,-,-,-,-,-,-,-
,-,-,-,-,-,-,-
,-,-,-,-,-,-,-
,-,-,-,-,-,-,-
,-,-,-,-,-,-,-
,-,-,-,-,-,-,-
,-,-,-,-,-,-,-
,-,-,-,-,-,-,-
,-,-,-,-,-,-,-
,-,-,-,-,-,-,-
,-,-,-,-,-,-,-
,-,-,-,-,-,-,-
,-,-,-,-,-,-,-
,-,-,-,-,-,-,-
,-,-,-,-,-,-,-
,-,-,-,-,-,-,-
,-,-,-,-,-,-,-
,-,-,-,-,-,-,-
,-,-,-,-,-,-,-
,-,-,-,-,-,-,-
,-,-,-,-,-,-,-
,-,-,-,-,-,-,-
,-,-,-,-,-,-,-
,-,-,-,-,-,-,-
,-,-,-,-,-,-,-
,-,-,-,-,-,-,-
,-,-,-,-,-,-,-
,-,-,-,-,-,-,-
,-,-,-,-,-,-,-
,-,-,-,-,-,-,-
,-,-,-,-,-,-,-
,-,-,-,-,-,-,-
,-,-,-,-,-,-,-
,-,-,-,-,-,-,-
,-,-,-,-,-,-,-
,-,-,-,-,-,-,-
,-,-,-,-,-,-,-
,-,-,-,-,-,-,-
,-,-,-,-,-,-,-
,-,-,-,-,-,-,-
,-,-,-,-,-,-,-
,-,-,-,-,-,-,-
,-,-,-,-,-,-,-
,-,-,-,-,-,-,-
,-,-,-,-,-,-,-
,-,-,-,-,-,-,-
,-,-,-,-,-,-,-
,-,-,-,-,-,-,-
,-,-,-,-,-,-,-
,-,-,-,-,-,-,-
,-,-,-,-,-,-,-
,-,-,-,-,-,-,-
,-,-,-,-,-,-,-
,-,-,-,-,-,-,-
,-,-,-,-,-,-,-
,-,-,-,-,-,-,-
,-,-,-,-,-,-,-
,-,-,-,-,-,-,-
,-,-,-,-,-,-,-
,-,-,-,-,-,-,-
,-,-,-,-,-,-,-
,-,-,-,-,-,-,-
,-,-,-,-,-,-,-
,-,-,-,-,-,-,-
,-,-,-,-,-,-,-
,-,-,-,-,-,-,-
,-,-,-,-,-,-,-
,-,-,-,-,-,-,-
,-,-,-,-,-,-,-
,-,-,-,-,-,-,-
,-,-,-,-,-,-,-
,-,-,-,-,-,-,-
,-,-,-,-,-,-,-
,-,-,-,-,-,-,-
,-,-,-,-,-,-,-
,-,-,-,-,-,-,-
,-,-,-,-,-,-,-
,-,-,-,-,-,-,-
,-,-,-,-,-,-,-
,-,-,-,-,-,-,-
,-,-,-,-,-,-,-
,-,-,-,-,-,-,-
,-,-,-,-,-,-,-
,-,-,-,-,-,-,-
,-,-,-,-,-,-,-
,-,-,-,-,-,-,-
,-,-,-,-,-,-,-
,-,-,-,-,-,-,-
,-,-,-,-,-,-,-
,-,-,-,-,-,-,-
,-,-,-,-,-,-,-
,-,-,-,-,-,-,-
,-,-,-,-,-,-,-
,-,-,-,-,-,-,-
,-,-,-,-,-,-,-
,-,-,-,-,-,-,-
,-,-,-,-,-,-,-
,-,-,-,-,-,-,-
,-,-,-,-,-,-,-
,-,-,-,-,-,-,-
,-,-,-,-,-,-,-
,-,-,-,-,-,-,-
,-,-,-,-,-,-,-
,-,-,-,-,-,-,-
,-,-,-,-,-,-,-
,-,-,-,-,-,-,-
,-,-,-,-,-,-,-
,-,-,-,-,-,-,-
,-,-,-,-,-,-,-
,-,-,-,-,-,-,-
,-,-,-,-,-,-,-
,-,-,-,-,-,-,-
,-,-,-,-,-,-,-
,-,-,-,-,-,-,-
,-,-,-,-,-,-,-
,-,-,-,-,-,-,-
,-,-,-,-,-,-,-
,-,-,-,-,-,-,-
,-,-,-,-,-,-,-
,-,-,-,-,-,-,-
,-,-,-,-,-,-,-
,-,-,-,-,-,-,-
,-,-,-,-,-,-,-
,-,-,-,-,-,-,-
,-,-,-,-,-,-,-
,-,-,-,-,-,-,-
,-,-,-,-,-,-,-
,-,-,-,-,-,-,-
,-,-,-,-,-,-,-
,-,-,-,-,-,-,-
,-,-,-,-,-,-,-
,-,-,-,-,-,-,-
,-,-,-,-,-,-,-
,-,-,-,-,-,-,-
,-,-,-,-,-,-,-
,-,-,-,-,-,-,-
,-,-,-,-,-,-,-
,-,-,-,-,-,-,-
,-,-,-,-,-,-,-
,-,-,-,-,-,-,-
,-,-,-,-,-,-,-
,-,-,-,-,-,-,-
,-,-,-,-,-,-,-
,-,-,-,-,-,-,-
,-,-,-,-,-,-,-
,-,-,-,-,-,-,-
,-,-,-,-,-,-,-
,-,-,-,-,-,-,-
,-,-,-,-,-,-,-
,-,-,-,-,-,-,-
,-,-,-,-,-,-,-
,-,-,-,-,-,-,-
,-,-,-,-,-,-,-
,-,-,-,-,-,-,-
,-,-,-,-,-,-,-
,-,-,-,-,-,-,-
,-,-,-,-,-,-,-
,-,-,-,-,-,-,-
,-,-,-,-,-,-,-
,-,-,-,-,-,-,-
,-,-,-,-,-,-,-
,-,-,-,-,-,-,-
,-,-,-,-,-,-,-
,-,-,-,-,-,-,-
,-,-,-,-,-,-,-
,-,-,-,-,-,-,-
,-,-,-,-,-,-,-
,-,-,-,-,-,-,-
,-,-,-,-,-,-,-
,-,-,-,-,-,-,-
,-,-,-,-,-,-,-
,-,-,-,-,-,-,-
,-,-,-,-,-,-,-
,-,-,-,-,-,-,-
,-,-,-,-,-,-,-
,-,-,-,-,-,-,-
,-,-,-,-,-,-,-
,-,-,-,-,-,-,-
,-,-,-,-,-,-,-
,-,-,-,-,-,-,-
,-,-,-,-,-,-,-
,-,-,-,-,-,-,-
,-,-,-,-,-,-,-
,-,-,-,-,-,-,-
,-,-,-,-,-,-,-
,-,-,-,-,-,-,-
,-,-,-,-,-,-,-
,-,-,-,-,-,-,-
,-,-,-,-,-,-,-
,-,-,-,-,-,-,-
,-,-,-,-,-,-,-
,-,-,-,-,-,-,-
,-,-,-,-,-,-,-
,-,-,-,-,-,-,-
,-,-,-,-,-,-,-
,-,-,-,-,-,-,-
,-,-,-,-,-,-,-
,-,-,-,-,-,-,-
,-,-,-,-,-,-,-
,-,-,-,-,-,-,-
,-,-,-,-,-,-,-
,-,-,-,-,-,-,-
,-,-,-,-,-,-,-
,-,-,-,-,-,-,-
,-,-,-,-,-,-,-
,-,-,-,-,-,-,-
,-,-,-,-,-,-,-
,-,-,-,-,-,-,-
,-,-,-,-,-,-,-
,-,-,-,-,-,-,-
,-,-,-,-,-,-,-
,-,-,-,-,-,-,-
,-,-,-,-,-,-,-
,-,-,-,-,-,-,-
,-,-,-,-,-,-,-
,-,-,-,-,-,-,-
,-,-,-,-,-,-,-
,-,-,-,-,-,-,-
,-,-,-,-,-,-,-
,-,-,-,-,-,-,-
,-,-,-,-,-,-,-
,-,-,-,-,-,-,-
,-,-,-,-,-,-,-
,-,-,-,-,-,-,-
,-,-,-,-,-,-,-
,-,-,-,-,-,-,-
,-,-,-,-,-,-,-
,-,-,-,-,-,-,-
,-,-,-,-,-,-,-
,-,-,-,-,-,-,-
,-,-,-,-,-,-,-
,-,-,-,-,-,-,-
,-,-,-,-,-,-,-
,-,-,-,-,-,-,-
,-,-,-,-,-,-,-
,-,-,-,-,-,-,-
,-,-,-,-,-,-,-
,-,-,-,-,-,-,-
,-,-,-,-,-,-,-
,-,-,-,-,-,-,-
,-,-,-,-,-,-,-
,-,-,-,-,-,-,-
,-,-,-,-,-,-,-
,-,-,-,-,-,-,-
,-,-,-,-,-,-,-
,-,-,-,-,-,-,-
,-,-,-,-,-,-,-
,-,-,-,-,-,-,-
,-,-,-,-,-,-,-
,-,-,-,-,-,-,-
,-,-,-,-,-,-,-
,-,-,-,-,-,-,-
,-,-,-,-,-,-,-
,-,-,-,-,-,-,-
,-,-,-,-,-,-,-
,-,-,-,-,-,-,-
,-,-,-,-,-,-,-
,-,-,-,-,-,-,-
,-,-,-,-,-,-,-
,-,-,-,-,-,-,-
,-,-,-,-,-,-,-
,-,-,-,-,-,-,-
,-,-,-,-,-,-,-
,-,-,-,-,-,-,-
,-,-,-,-,-,-,-
,-,-,-,-,-,-,-
,-,-,-,-,-,-,-
,-,-,-,-,-,-,-
,-,-,-,-,-,-,-
,-,-,-,-,-,-,-
,-,-,-,-,-,-,-
,-,-,-,-,-,-,-
,-,-,-,-,-,-,-
,-,-,-,-,-,-,-
,-,-,-,-,-,-,-
,-,-,-,-,-,-,-
,-,-,-,-,-,-,-
,-,-,-,-,-,-,-
,-,-,-,-,-,-,-
,-,-,-,-,-,-,-
,-,-,-,-,-,-,-
,-,-,-,-,-,-,-
,-,-,-,-,-,-,-
,-,-,-,-,-,-,-
,-,-,-,-,-,-,-
,-,-,-,-,-,-,-
,-,-,-,-,-,-,-
,-,-,-,-,-,-,-
,-,-,-,-,-,-,-
,-,-,-,-,-,-,-
,-,-,-,-,-,-,-
,-,-,-,-,-,-,-
,-,-,-,-,-,-,-
,-,-,-,-,-,-,-
,-,-,-,-,-,-,-
,-,-,-,-,-,-,-
,-,-,-,-,-,-,-
,-,-,-,-,-,-,-
,-,-,-,-,-,-,-
,-,-,-,-,-,-,-
,-,-,-,-,-,-,-
,-,-,-,-,-,-,-
,-,-,-,-,-,-,-
,-,-,-,-,-,-,-
,-,-,-,-,-,-,-
,-,-,-,-,-,-,-
,-,-,-,-,-,-,-
,-,-,-,-,-,-,-
,-,-,-,-,-,-,-
,-,-,-,-,-,-,-
,-,-,-,-,-,-,-
,-,-,-,-,-,-,-
,-,-,-,-,-,-,-
,-,-,-,-,-,-,-
,-,-,-,-,-,-,-
,-,-,-,-,-,-,-
,-,-,-,-,-,-,-
,-,-,-,-,-,-,-
,-,-,-,-,-,-,-
,-,-,-,-,-,-,-
,-,-,-,-,-,-,-
,-,-,-,-,-,-,-
,-,-,-,-,-,-,-
,-,-,-,-,-,-,-
,-,-,-,-,-,-,-
,-,-,-,-,-,-,-
,-,-,-,-,-,-,-
,-,-,-,-,-,-,-
,-,-,-,-,-,-,-
,-,-,-,-,-,-,-
,-,-,-,-,-,-,-
,-,-,-,-,-,-,-
,-,-,-,-,-,-,-
,-,-,-,-,-,-,-
,-,-,-,-,-,-,-
,-,-,-,-,-,-,-
,-,-,-,-,-,-,-
,-,-,-,-,-,-,-
,-,-,-,-,-,-,-
,-,-,-,-,-,-,-
,-,-,-,-,-,-,-
,-,-,-,-,-,-,-
,-,-,-,-,-,-,-
,-,-,-,-,-,-,-
,-,-,-,-,-,-,-
,-,-,-,-,-,-,-
,-,-,-,-,-,-,-
,-,-,-,-,-,-,-
,-,-,-,-,-,-,-
,-,-,-,-,-,-,-
,-,-,-,-,-,-,-
,-,-,-,-,-,-,-
,-,-,-,-,-,-,-
,-,-,-,-,-,-,-
,-,-,-,-,-,-,-
,-,-,-,-,-,-,-
,-,-,-,-,-,-,-
,-,-,-,-,-,-,-
,-,-,-,-,-,-,-
,-,-,-,-,-,-,-
,-,-,-,-,-,-,-
,-,-,-,-,-,-,-
,-,-,-,-,-,-,-
,-,-,-,-,-,-,-
,-,-,-,-,-,-,-
,-,-,-,-,-,-,-
,-,-,-,-,-,-,-
,-,-,-,-,-,-,-
,-,-,-,-,-,-,-
,-,-,-,-,-,-,-
,-,-,-,-,-,-,-
,-,-,-,-,-,-,-
,-,-,-,-,-,-,-
,-,-,-,-,-,-,-
,-,-,-,-,-,-,-
,-,-,-,-,-,-,-
,-,-,-,-,-,-,-
,-,-,-,-,-,-,-
,-,-,-,-,-,-,-
,-,-,-,-,-,-,-
,-,-,-,-,-,-,-
,-,-,-,-,-,-,-
,-,-,-,-,-,-,-
,-,-,-,-,-,-,-
,-,-,-,-,-,-,-
,-,-,-,-,-,-,-
,-,-,-,-,-,-,-
,-,-,-,-,-,-,-
,-,-,-,-,-,-,-
,-,-,-,-,-,-,-
,-,-,-,-,-,-,-
,-,-,-,-,-,-,-
,-,-,-,-,-,-,-
,-,-,-,-,-,-,-
,-,-,-,-,-,-,-
,-,-,-,-,-,-,-
,-,-,-,-,-,-,-
,-,-,-,-,-,-,-
,-,-,-,-,-,-,-
,-,-,-,-,-,-,-
,-,-,-,-,-,-,-
,-,-,-,-,-,-,-
,-,-,-,-,-,-,-
,-,-,-,-,-,-,-
,-,-,-,-,-,-,-
,-,-,-,-,-,-,-
,-,-,-,-,-,-,-
,-,-,-,-,-,-,-
,-,-,-,-,-,-,-
,-,-,-,-,-,-,-
,-,-,-,-,-,-,-
,-,-,-,-,-,-,-
,-,-,-,-,-,-,-
,-,-,-,-,-,-,-
,-,-,-,-,-,-,-
,-,-,-,-,-,-,-
,-,-,-,-,-,-,-
,-,-,-,-,-,-,-
,-,-,-,-,-,-,-
,-,-,-,-,-,-,-
,-,-,-,-,-,-,-
,-,-,-,-,-,-,-
,-,-,-,-,-,-,-
,-,-,-,-,-,-,-
,-,-,-,-,-,-,-
,-,-,-,-,-,-,-
,-,-,-,-,-,-,-
,-,-,-,-,-,-,-
,-,-,-,-,-,-,-
,-,-,-,-,-,-,-
,-,-,-,-,-,-,-
,-,-,-,-,-,-,-
,-,-,-,-,-,-,-
,-,-,-,-,-,-,-
,-,-,-,-,-,-,-
,-,-,-,-,-,-,-
,-,-,-,-,-,-,-
,-,-,-,-,-,-,-
,-,-,-,-,-,-,-
,-,-,-,-,-,-,-
,-,-,-,-,-,-,-
,-,-,-,-,-,-,-
,-,-,-,-,-,-,-
,-,-,-,-,-,-,-
,-,-,-,-,-,-,-
,-,-,-,-,-,-,-
,-,-,-,-,-,-,-
,-,-,-,-,-,-,-
,-,-,-,-,-,-,-
,-,-,-,-,-,-,-
,-,-,-,-,-,-,-
,-,-,-,-,-,-,-
,-,-,-,-,-,-,-
,-,-,-,-,-,-,-
,-,-,-,-,-,-,-
,-,-,-,-,-,-,-
,-,-,-,-,-,-,-
,-,-,-,-,-,-,-
,-,-,-,-,-,-,-
,-,-,-,-,-,-,-
,-,-,-,-,-,-,-
,-,-,-,-,-,-,-
,-,-,-,-,-,-,-
,-,-,-,-,-,-,-
,-,-,-,-,-,-,-
,-,-,-,-,-,-,-
,-,-,-,-,-,-,-
,-,-,-,-,-,-,-
,-,-,-,-,-,-,-
,-,-,-,-,-,-,-
,-,-,-,-,-,-,-
,-,-,-,-,-,-,-
,-,-,-,-,-,-,-
,-,-,-,-,-,-,-
,-,-,-,-,-,-,-
,-,-,-,-,-,-,-
,-,-,-,-,-,-,-
,-,-,-,-,-,-,-
,-,-,-,-,-,-,-
,-,-,-,-,-,-,-
,-,-,-,-,-,-,-
,-,-,-,-,-,-,-
,-,-,-,-,-,-,-
,-,-,-,-,-,-,-
,-,-,-,-,-,-,-
,-,-,-,-,-,-,-
,-,-,-,-,-,-,-
,-,-,-,-,-,-,-
,-,-,-,-,-,-,-
,-,-,-,-,-,-,-
,-,-,-,-,-,-,-
,-,-,-,-,-,-,-
,-,-,-,-,-,-,-
,-,-,-,-,-,-,-
,-,-,-,-,-,-,-
,-,-,-,-,-,-,-
,-,-,-,-,-,-,-
,-,-,-,-,-,-,-
,-,-,-,-,-,-,-
,-,-,-,-,-,-,-
,-,-,-,-,-,-,-
,-,-,-,-,-,-,-
,-,-,-,-,-,-,-
,-,-,-,-,-,-,-
,-,-,-,-,-,-,-
,-,-,-,-,-,-,-
,-,-,-,-,-,-,-
,-,-,-,-,-,-,-
,-,-,-,-,-,-,-
,-,-,-,-,-,-,-
,-,-,-,-,-,-,-
,-,-,-,-,-,-,-
,-,-,-,-,-,-,-
,-,-,-,-,-,-,-
,-,-,-,-,-,-,-
,-,-,-,-,-,-,-
,-,-,-,-,-,-,-
,-,-,-,-,-,-,-
,-,-,-,-,-,-,-
,-,-,-,-,-,-,-
,-,-,-,-,-,-,-
,-,-,-,-,-,-,-
,-,-,-,-,-,-,-
,-,-,-,-,-,-,-
,-,-,-,-,-,-,-
,-,-,-,-,-,-,-
,-,-,-,-,-,-,-
,-,-,-,-,-,-,-
,-,-,-,-,-,-,-
,-,-,-,-,-,-,-
,-,-,-,-,-,-,-
,-,-,-,-,-,-,-
,-,-,-,-,-,-,-
,-,-,-,-,-,-,-
,-,-,-,-,-,-,-
,-,-,-,-,-,-,-
,-,-,-,-,-,-,-
,-,-,-,-,-,-,-
,-,-,-,-,-,-,-
,-,-,-,-,-,-,-
,-,-,-,-,-,-,-
,-,-,-,-,-,-,-
,-,-,-,-,-,-,-
,-,-,-,-,-,-,-
,-,-,-,-,-,-,-
,-,-,-,-,-,-,-
,-,-,-,-,-,-,-
,-,-,-,-,-,-,-
,-,-,-,-,-,-,-
,-,-,-,-,-,-,-
,-,-,-,-,-,-,-
,-,-,-,-,-,-,-
,-,-,-,-,-,-,-
,-,-,-,-,-,-,-
,-,-,-,-,-,-,-
,-,-,-,-,-,-,-
,-,-,-,-,-,-,-
,-,-,-,-,-,-,-
,-,-,-,-,-,-,-
,-,-,-,-,-,-,-
,-,-,-,-,-,-,-
,-,-,-,-,-,-,-
,-,-,-,-,-,-,-
,-,-,-,-,-,-,-
,-,-,-,-,-,-,-
,-,-,-,-,-,-,-
,-,-,-,-,-,-,-
,-,-,-,-,-,-,-
,-,-,-,-,-,-,-
,-,-,-,-,-,-,-
,-,-,-,-,-,-,-
,-,-,-,-,-,-,-
,-,-,-,-,-,-,-
,-,-,-,-,-,-,-
,-,-,-,-,-,-,-
,-,-,-,-,-,-,-
,-,-,-,-,-,-,-
,-,-,-,-,-,-,-
,-,-,-,-,-,-,-
,-,-,-,-,-,-,-
,-,-,-,-,-,-,-
,-,-,-,-,-,-,-
,-,-,-,-,-,-,-
,-,-,-,-,-,-,-
,-,-,-,-,-,-,-
,-,-,-,-,-,-,-
,-,-,-,-,-,-,-
,-,-,-,-,-,-,-
,-,-,-,-,-,-,-
,-,-,-,-,-,-,-
,-,-,-,-,-,-,-
,-,-,-,-,-,-,-
,-,-,-,-,-,-,-
,-,-,-,-,-,-,-
,-,-,-,-,-,-,-
,-,-,-,-,-,-,-
,-,-,-,-,-,-,-
,-,-,-,-,-,-,-
,-,-,-,-,-,-,-
,-,-,-,-,-,-,-
,-,-,-,-,-,-,-
,-,-,-,-,-,-,-
,-,-,-,-,-,-,-
,-,-,-,-,-,-,-
,-,-,-,-,-,-,-
,-,-,-,-,-,-,-
,-,-,-,-,-,-,-
,-,-,-,-,-,-,-
,-,-,-,-,-,-,-
,-,-,-,-,-,-,-
,-,-,-,-,-,-,-
,-,-,-,-,-,-,-
,-,-,-,-,-,-,-
,-,-,-,-,-,-,-
,-,-,-,-,-,-,-
,-,-,-,-,-,-,-
,-,-,-,-,-,-,-
,-,-,-,-,-,-,-
,-,-,-,-,-,-,-
,-,-,-,-,-,-,-
,-,-,-,-,-,-,-
,-,-,-,-,-,-,-
,-,-,-,-,-,-,-
,-,-,-,-,-,-,-
,-,-,-,-,-,-,-
,-,-,-,-,-,-,-
,-,-,-,-,-,-,-
,-,-,-,-,-,-,-
,-,-,-,-,-,-,-
,-,-,-,-,-,-,-
,-,-,-,-,-,-,-
,-,-,-,-,-,-,-
,-,-,-,-,-,-,-
,-,-,-,-,-,-,-
,-,-,-,-,-,-,-
,-,-,-,-,-,-,-
,-,-,-,-,-,-,-
,-,-,-,-,-,-,-
,-,-,-,-,-,-,-
,-,-,-,-,-,-,-
,-,-,-,-,-,-,-
,-,-,-,-,-,-,-
,-,-,-,-,-,-,-
,-,-,-,-,-,-,-
,-,-,-,-,-,-,-
,-,-,-,-,-,-,-
,-,-,-,-,-,-,-
,-,-,-,-,-,-,-
,-,-,-,-,-,-,-
,-,-,-,-,-,-,-
,-,-,-,-,-,-,-
,-,-,-,-,-,-,-
,-,-,-,-,-,-,-
,-,-,-,-,-,-,-
,-,-,-,-,-,-,-
,-,-,-,-,-,-,-
,-,-,-,-,-,-,-
,-,-,-,-,-,-,-
,-,-,-,-,-,-,-
,-,-,-,-,-,-,-
,-,-,-,-,-,-,-
,-,-,-,-,-,-,-
,-,-,-,-,-,-,-
,-,-,-,-,-,-,-
,-,-,-,-,-,-,-
,-,-,-,-,-,-,-
,-,-,-,-,-,-,-
,-,-,-,-,-,-,-
,-,-,-,-,-,-,-
,-,-,-,-,-,-,-
,-,-,-,-,-,-,-
,-,-,-,-,-,-,-
,-,-,-,-,-,-,-
,-,-,-,-,-,-,-
,-,-,-,-,-,-,-
,-,-,-,-,-,-,-
,-,-,-,-,-,-,-
,-,-,-,-,-,-,-
,-,-,-,-,-,-,-
,-,-,-,-,-,-,-
,-,-,-,-,-,-,-
,-,-,-,-,-,-,-
,-,-,-,-,-,-,-
,-,-,-,-,-,-,-
,-,-,-,-,-,-,-
,-,-,-,-,-,-,-
,-,-,-,-,-,-,-
,-,-,-,-,-,-,-
,-,-,-,-,-,-,-
,-,-,-,-,-,-,-
,-,-,-,-,-,-,-
,-,-,-,-,-,-,-
,-,-,-,-,-,-,-
,-,-,-,-,-,-,-
,-,-,-,-,-,-,-
,-,-,-,-,-,-,-
,-,-,-,-,-,-,-
,-,-,-,-,-,-,-
,-,-,-,-,-,-,-
,-,-,-,-,-,-,-
,-,-,-,-,-,-,-
,-,-,-,-,-,-,-
,-,-,-,-,-,-,-
,-,-,-,-,-,-,-
,-,-,-,-,-,-,-
,-,-,-,-,-,-,-
,-,-,-,-,-,-,-
,-,-,-,-,-,-,-
,-,-,-,-,-,-,-
,-,-,-,-,-,-,-
,-,-,-,-,-,-,-
,-,-,-,-,-,-,-
,-,-,-,-,-,-,-
,-,-,-,-,-,-,-
,-,-,-,-,-,-,-
,-,-,-,-,-,-,-
,-,-,-,-,-,-,-
,-,-,-,-,-,-,-
,-,-,-,-,-,-,-
,-,-,-,-,-,-,-
,-,-,-,-,-,-,-
,-,-,-,-,-,-,-
,-,-,-,-,-,-,-
,-,-,-,-,-,-,-
,-,-,-,-,-,-,-
,-,-,-,-,-,-,-
,-,-,-,-,-,-,-
,-,-,-,-,-,-,-
,-,-,-,-,-,-,-
,-,-,-,-,-,-,-
,-,-,-,-,-,-,-
,-,-,-,-,-,-,-
,-,-,-,-,-,-,-
,-,-,-,-,-,-,-
,-,-,-,-,-,-,-
,-,-,-,-,-,-,-
,-,-,-,-,-,-,-
,-,-,-,-,-,-,-
,-,-,-,-,-,-,-
,-,-,-,-,-,-,-
,-,-,-,-,-,-,-
,-,-,-,-,-,-,-
,-,-,-,-,-,-,-
,-,-,-,-,-,-,-
,-,-,-,-,-,-,-
,-,-,-,-,-,-,-
,-,-,-,-,-,-,-
,-,-,-,-,-,-,-
,-,-,-,-,-,-,-
,-,-,-,-,-,-,-
,-,-,-,-,-,-,-
,-,-,-,-,-,-,-
,-,-,-,-,-,-,-
,-,-,-,-,-,-,-
,-,-,-,-,-,-,-
,-,-,-,-,-,-,-
,-,-,-,-,-,-,-
,-,-,-,-,-,-,-
,-,-,-,-,-,-,-
,-,-,-,-,-,-,-
,-,-,-,-,-,-,-
,-,-,-,-,-,-,-
,-,-,-,-,-,-,-
,-,-,-,-,-,-,-
,-,-,-,-,-,-,-
,-,-,-,-,-,-,-
,-,-,-,-,-,-,-
,-,-,-,-,-,-,-
,-,-,-,-,-,-,-
,-,-,-,-,-,-,-
,-,-,-,-,-,-,-
,-,-,-,-,-,-,-
,-,-,-,-,-,-,-
,-,-,-,-,-,-,-
,-,-,-,-,-,-,-
,-,-,-,-,-,-,-
,-,-,-,-,-,-,-
,-,-,-,-,-,-,-
,-,-,-,-,-,-,-
,-,-,-,-,-,-,-
,-,-,-,-,-,-,-
,-,-,-,-,-,-,-
,-,-,-,-,-,-,-
,-,-,-,-,-,-,-
,-,-,-,-,-,-,-
,-,-,-,-,-,-,-
,-,-,-,-,-,-,-
,-,-,-,-,-,-,-
,-,-,-,-,-,-,-
,-,-,-,-,-,-,-
,-,-,-,-,-,-,-
,-,-,-,-,-,-,-
,-,-,-,-,-,-,-
,-,-,-,-,-,-,-
,-,-,-,-,-,-,-
,-,-,-,-,-,-,-
,-,-,-,-,-,-,-
,-,-,-,-,-,-,-
,-,-,-,-,-,-,-
,-,-,-,-,-,-,-
,-,-,-,-,-,-,-
,-,-,-,-,-,-,-
,-,-,-,-,-,-,-
,-,-,-,-,-,-,-
,-,-,-,-,-,-,-
,-,-,-,-,-,-,-
,-,-,-,-,-,-,-
,-,-,-,-,-,-,-
,-,-,-,-,-,-,-
,-,-,-,-,-,-,-
,-,-,-,-,-,-,-
,-,-,-,-,-,-,-
,-,-,-,-,-,-,-
,-,-,-,-,-,-,-
,-,-,-,-,-,-,-
,-,-,-,-,-,-,-
,-,-,-,-,-,-,-
,-,-,-,-,-,-,-
,-,-,-,-,-,-,-
,-,-,-,-,-,-,-
,-,-,-,-,-,-,-
,-,-,-,-,-,-,-
,-,-,-,-,-,-,-
,-,-,-,-,-,-,-
,-,-,-,-,-,-,-
,-,-,-,-,-,-,-
,-,-,-,-,-,-,-
,-,-,-,-,-,-,-
,-,-,-,-,-,-,-
,-,-,-,-,-,-,-
,-,-,-,-,-,-,-
,-,-,-,-,-,-,-
,-,-,-,-,-,-,-
,-,-,-,-,-,-,-
,-,-,-,-,-,-,-
,-,-,-,-,-,-,-
,-,-,-,-,-,-,-
,-,-,-,-,-,-,-
,-,-,-,-,-,-,-
,-,-,-,-,-,-,-
,-,-,-,-,-,-,-
,-,-,-,-,-,-,-
,-,-,-,-,-,-,-
,-,-,-,-,-,-,-
,-,-,-,-,-,-,-
,-,-,-,-,-,-,-
,-,-,-,-,-,-,-
,-,-,-,-,-,-,-
,-,-,-,-,-,-,-
,-,-,-,-,-,-,-
,-,-,-,-,-,-,-
,-,-,-,-,-,-,-
,-,-,-,-,-,-,-
,-,-,-,-,-,-,-
,-,-,-,-,-,-,-
,-,-,-,-,-,-,-
,-,-,-,-,-,-,-
,-,-,-,-,-,-,-
,-,-,-,-,-,-,-
,-,-,-,-,-,-,-
,-,-,-,-,-,-,-
,-,-,-,-,-,-,-
,-,-,-,-,-,-,-
,-,-,-,-,-,-,-
,-,-,-,-,-,-,-
,-,-,-,-,-,-,-
,-,-,-,-,-,-,-
,-,-,-,-,-,-,-
,-,-,-,-,-,-,-
,-,-,-,-,-,-,-
,-,-,-,-,-,-,-
,-,-,-,-,-,-,-
,-,-,-,-,-,-,-
,-,-,-,-,-,-,-
,-,-,-,-,-,-,-
,-,-,-,-,-,-,-
,-,-,-,-,-,-,-
,-,-,-,-,-,-,-
,-,-,-,-,-,-,-
,-,-,-,-,-,-,-
,-,-,-,-,-,-,-
,-,-,-,-,-,-,-
,-,-,-,-,-,-,-
,-,-,-,-,-,-,-
,-,-,-,-,-,-,-
,-,-,-,-,-,-,-
,-,-,-,-,-,-,-
,-,-,-,-,-,-,-
,-,-,-,-,-,-,-
,-,-,-,-,-,-,-
,-,-,-,-,-,-,-
,-,-,-,-,-,-,-
,-,-,-,-,-,-,-
,-,-,-,-,-,-,-
,-,-,-,-,-,-,-
,-,-,-,-,-,-,-
,-,-,-,-,-,-,-
,-,-,-,-,-,-,-
,-,-,-,-,-,-,-
,-,-,-,-,-,-,-
,-,-,-,-,-,-,-
,-,-,-,-,-,-,-
,-,-,-,-,-,-,-
,-,-,-,-,-,-,-
,-,-,-,-,-,-,-
,-,-,-,-,-,-,-
,-,-,-,-,-,-,-
,-,-,-,-,-,-,-
,-,-,-,-,-,-,-
,-,-,-,-,-,-,-
,-,-,-,-,-,-,-
,-,-,-,-,-,-,-
,-,-,-,-,-,-,-
,-,-,-,-,-,-,-
,-,-,-,-,-,-,-
,-,-,-,-,-,-,-
,-,-,-,-,-,-,-
,-,-,-,-,-,-,-
,-,-,-,-,-,-,-
,-,-,-,-,-,-,-
,-,-,-,-,-,-,-
,-,-,-,-,-,-,-
,-,-,-,-,-,-,-
,-,-,-,-,-,-,-
,-,-,-,-,-,-,-
,-,-,-,-,-,-,-
,-,-,-,-,-,-,-
,-,-,-,-,-,-,-
,-,-,-,-,-,-,-
,-,-,-,-,-,-,-
,-,-,-,-,-,-,-
,-,-,-,-,-,-,-
,-,-,-,-,-,-,-
,-,-,-,-,-,-,-
,-,-,-,-,-,-,-
,-,-,-,-,-,-,-
,-,-,-,-,-,-,-
,-,-,-,-,-,-,-
,-,-,-,-,-,-,-
,-,-,-,-,-,-,-
,-,-,-,-,-,-,-
,-,-,-,-,-,-,-
,-,-,-,-,-,-,-
